id,kind,title,aliases,birth,death,occupation,community,lat,lng,url
309,person,"Abel Stearns",,"February 9, 1798","August 23, 1871","Merchant; Rancher; Politician",,,,https://scvhistory.ddev.site/persons/abel-stearns
317,person,"Andrés Pico",,"November 18, 1810","February 14, 1876","Military Officer; Rancher; Politician",Newhall,,,https://scvhistory.ddev.site/persons/andres-pico
291,person,"Antonio del Valle",,1788,1841,"Military Officer; Rancho Administrator; Land Grantee",,,,https://scvhistory.ddev.site/persons/antonio-del-valle
333,person,"Arthur Burnett Perkins",,1891,1977,"Historian · Water Company Manager · Justice of the Peace · Real Estate Agent · Civic Leader",Newhall,,,https://scvhistory.ddev.site/persons/arthur-b-perkins
323,person,"Cave Johnson Couts",,"November 6, 1821","June 10, 1874","Military Officer; Rancher",Newhall,,,https://scvhistory.ddev.site/persons/cave-johnson-couts
315,person,"Christopher Houston Carson",,"December 24, 1809","May 23, 1868","Scout; Trapper; Military Officer",Castaic,,,https://scvhistory.ddev.site/persons/kit-carson
341,person,"Dante Acosta",,"January 1, 1963",,"Politician; Financial Advisor; City Council Member; State Assemblymember","Canyon Country",,,https://scvhistory.ddev.site/persons/dante-acosta
327,person,"Edward Fitzgerald Beale",,"February 4, 1822","April 22, 1893","Naval Officer; Explorer; Surveyor; Rancher; Diplomat","Lebec; Tejon",,,https://scvhistory.ddev.site/persons/edward-fitzgerald-beale
313,person,"Edwin Bryant",,1805,"December 16, 1869","Journalist; Author; Alcalde",Castaic,,,https://scvhistory.ddev.site/persons/edwin-bryant
289,person,"Father Francisco Garcés",,"April 12, 1738","July 18, 1781",,"Castaic; San Francisquito Canyon",,,https://scvhistory.ddev.site/persons/father-francisco-garces
295,person,"Gaspar de Portolá",,"c. 1727","c. 1786","Military Officer; Colonial Governor","Castaic; Newhall",,,https://scvhistory.ddev.site/persons/gaspar-de-portola
331,person,"Henry Clay Wiley",,1829,"October 25, 1898","Entrepreneur; Lawman; Real Estate Agent",Newhall,,,https://scvhistory.ddev.site/persons/henry-clay-wiley
283,person,"Henry Mayo Newhall",,"May 13, 1825","March 13, 1882","Auctioneer; Land Developer; Railroad Investor","Newhall; Saugus",,,https://scvhistory.ddev.site/persons/henry-mayo-newhall
319,person,"James Wilson Marshall",,"October 8, 1810","August 10, 1885","Carpenter; Millwright; Miner",,,,https://scvhistory.ddev.site/persons/james-w-marshall
281,person,"Jerry Reynolds",,"July 16, 1937","February 26, 1996","Historian, Author, Museum Curator, Private Investigator",,,,https://scvhistory.ddev.site/persons/jerry-reynolds
307,person,"John C. Frémont",,"John C. Frémont","July 13, 1890","Military Officer; Explorer; Politician",,,,https://scvhistory.ddev.site/persons/john-c-fremont
337,person,"John Timothy Gifford",,"February 14, 1847","October 15, 1922",,Newhall,,,https://scvhistory.ddev.site/persons/john-gifford
329,person,"José Antonio Aguirre",,1793,"June 4, 1860","Merchant; Rancher; Ship Owner",Tejon,,,https://scvhistory.ddev.site/persons/jose-antonio-aguirre
325,person,"Juan Bandini",,1800,"November 4, 1859","Rancher; Politician; Merchant",,,,https://scvhistory.ddev.site/persons/juan-bandini
301,person,"Juan Bautista de Anza",,"July 7, 1736 Death Date: December 19, 1","December 19, 1788","Military Officer; Explorer; Colonial Governor",,,,https://scvhistory.ddev.site/persons/juan-bautista-de-anza
297,person,"Juan Crespí",,"March 1, 1721","January 1, 1782","Franciscan Missionary; Diarist; Explorer","Castaic; Newhall",,,https://scvhistory.ddev.site/persons/juan-crespi
305,person,"Juan José Francisco de Gracia (""Chico"") Lopez",,"c. 1800s (exact date unknown)",,"Rancher; Miner","Castaic; Placerita Canyon",,,https://scvhistory.ddev.site/persons/francisco-lopez
299,person,"Junípero Serra",,"November 24, 1713","August 28, 1784","ranciscan Missionary; Father-Presidente",,,,https://scvhistory.ddev.site/persons/junipero-serra
303,person,"Juventino del Valle",,"1841 (born approximately six months before his parents' January 1, 1842 marriage)",,Rancher,"Camulos; Piru",,,https://scvhistory.ddev.site/persons/juventino-del-valle
279,person,"Leon Worden",,"December 1962",,"President & CEO, SCVTV; Journalist; Historian; Civic Leader; Television Producer",,,,https://scvhistory.ddev.site/persons/leon-worden
287,person,"Pedro Fages",,"c. 1734",1796,"Military Officer; Colonial Governor",,,,https://scvhistory.ddev.site/persons/pedro-fages
339,person,"Remi Allen Nadeau",,"September 21, 1821","January 15, 1887","Freighter, Hotelier",,,,https://scvhistory.ddev.site/persons/remi-nadeau-i
343,person,"Rodolfo Acosta",,"July 29, 1920","November 7, 1974",Actor,,,,https://scvhistory.ddev.site/persons/rodolfo-acosta
335,person,"Scott Thomas Wilk Sr.",,"March 16, 1959",,"State Senator · State Assemblymember · College Trustee · Small Business Owner · Political Staffer",Saugus,,,https://scvhistory.ddev.site/persons/scott-wilk
311,person,"Thomas O. Larkin",,"September 16, 1802","October 27, 1858","Merchant; Diplomat; Political Agent",,,,https://scvhistory.ddev.site/persons/thomas-o-larkin
285,person,"Tiburcio Vasquez",,"April 7, 1835","March 19, 1875","Outlaw; Bandit; Cattle Rustler","Castaic; Newhall; Soledad Canyon",,,https://scvhistory.ddev.site/persons/tiburcio-vasquez
321,person,"William Lewis Manly",,"April 6, 1820","February 5, 1903","Pioneer; Author","Newhall; Valencia",,,https://scvhistory.ddev.site/persons/william-lewis-manly
293,person,"Ygnacio del Valle",,"July 1, 1808",1880,"Military Officer; Rancher; Land Owner","Camulos; Castaic; Newhall; Piru",,,https://scvhistory.ddev.site/persons/ygnacio-del-valle
932,place,"Beale's Cut Stagecoach Pass","Fremont Pass, San Fernando Pass, Newhall Cut","March 5, 1864",,,Newhall,34.3444,-118.5074,https://scvhistory.ddev.site/places/beales-cut-stagecoach-pass
595,place,"Estancia de San Francisco Xavier",,,,,"Castaic Junction",34.4275,-118.6125,https://scvhistory.ddev.site/places/estancia
597,place,"Fort Tejon",,,,,Tejon,34.8735,-118.8955,https://scvhistory.ddev.site/places/fort-tejon
599,place,"Harry Carey Ranch",,,,,Saugus,34.463,-118.562,https://scvhistory.ddev.site/places/harry-carey-ranch
605,place,"Heritage Junction Historic Park",,,,,Newhall,34.381,-118.5325,https://scvhistory.ddev.site/places/heritage-junction
607,place,"Lake Hughes",,,,,"Lake Hughes",34.677,-118.438,https://scvhistory.ddev.site/places/lake-hughes
609,place,"Lang Station",,,,,"Soledad Canyon",34.444,-118.363,https://scvhistory.ddev.site/places/lang
926,place,"Lyons Station Stagecoach Stop","Lyon's Station, Hart's Station, Wiley's Station","c. 1854",,,Newhall,34.369,-118.5225,https://scvhistory.ddev.site/places/lyons-station
615,place,"Melody Ranch Motion Picture Studio",,,,,Newhall,34.383,-118.501,https://scvhistory.ddev.site/places/melody-ranch
934,place,"Newhall Pass interchange",,1973,,,Newhall,34.339,-118.504,https://scvhistory.ddev.site/places/newhall-pass-interchange
631,place,"Rancho Camulos",,,,,Piru,34.407,-118.753,https://scvhistory.ddev.site/places/rancho-camulos
635,place,"Ridge Route",,,,,Castaic,34.62,-118.73,https://scvhistory.ddev.site/places/ridge-route
643,place,"Saugus Speedway",,,,,Saugus,34.42,-118.545,https://scvhistory.ddev.site/places/saugus-speedway
613,place,"Six Flags Magic Mountain",,,,,Valencia,34.425,-118.597,https://scvhistory.ddev.site/places/magic-mountain
659,place,"Vasquez Rocks",,,,,"Agua Dulce",34.488,-118.32,https://scvhistory.ddev.site/places/vasquez-rocks
380,organization,"Henry Mayo Newhall Memorial Hospital","Henry Mayo, HMNMH, Hillside Community Hospital",1975,,,Valencia,34.3924,-118.5628,https://scvhistory.ddev.site/organizations/henry-mayo-newhall-memorial-hospital
392,organization,"Historical Society of Southern California",,1883,,,,34.074,-118.213,https://scvhistory.ddev.site/organizations/historical-society-of-southern-california
390,organization,"Los Angeles Herald","L.A. Herald, Herald, Los Angeles Daily Herald",1873,,,,34.051,-118.247,https://scvhistory.ddev.site/organizations/los-angeles-herald
398,organization,"Mission San Francisco de Asís",,"June 29, 1776",,,,37.7644,-122.427,https://scvhistory.ddev.site/organizations/mission-san-francisco-de-asis
386,organization,"Mission San Gabriel Arcángel","San Gabriel Mission","September 8, 1771",,,,34.0975,-118.1067,https://scvhistory.ddev.site/organizations/mission-san-gabriel-arcangel
400,organization,"Mission Santa Cruz",,"September 25, 1791",,,,36.977,-122.029,https://scvhistory.ddev.site/organizations/mission-santa-cruz
384,organization,"Rancho Camulos","Camulos Ranch, Camp Camulos","c. 1839",,,"Camulos; Piru",34.407,-118.753,https://scvhistory.ddev.site/organizations/rancho-camulos
388,organization,"Rancho El Tejon",,1843,,,Tejon,34.945,-118.79,https://scvhistory.ddev.site/organizations/rancho-el-tejon
382,organization,"Rancho San Francisco","Rancho de San Francisco Rancho San Francisco Xavier","January 22, 1839",,,"Camulos; Castaic; Newhall; Piru; Soledad Canyon",34.4275,-118.6125,https://scvhistory.ddev.site/organizations/rancho-san-francisco
396,organization,"Santa Clarita Valley Chamber of Commerce","Newhall-Saugus-Valencia Chamber of Commerce; SCV Chamber",,,,,34.415,-118.545,https://scvhistory.ddev.site/organizations/santa-clarita-valley-chamber-of-commerce
402,organization,"Santa Clarita Valley Water","Newhall Water Company, Newhall County Water District, Newhall Water System, Valencia Water Company, Santa Clarita Water Division, Newhall County Water District, Castaic Lake Water Agency, SCV Water",1913,,,"Canyon Country; Castaic; Newhall; Valencia",34.44,-118.545,https://scvhistory.ddev.site/organizations/santa-clarita-valley-water
378,organization,"SCVHistory.com — Santa Clarita Valley History",,1997–present,,,,34.387,-118.53,https://scvhistory.ddev.site/organizations/scvhistory-com-santa-clarita-valley-history
394,organization,"The City of Santa Clarita",SCV,"December 15, 1987",,,,34.3917,-118.5426,https://scvhistory.ddev.site/organizations/city-of-santa-clarita
376,organization,"The Santa Clarita Valley Signal","The Newhall Signal, The Mighty Signal, TMS, Newhall Signal and Saugus Enterprise",2019,,,,34.423,-118.546,https://scvhistory.ddev.site/organizations/the-santa-clarita-valley-signal
