sha256	copy	original	also_at	census_section	asset
2f30ae2c67cf0b577285062e2a1c2dafa700cf25b1e76bad1cfaeefdc44c8873	inventory/sole-copies/inventory/incoming/Buck_McKeon_2011-commons-original.jpeg	inventory/incoming/Buck_McKeon_2011-commons-original.jpeg		From Wikimedia Commons (no URL in sourceUrl)	
7c77f2ce2219b105c0abf8f5777527b934ff979fc2385f385f92647a02b27200	inventory/sole-copies/inventory/incoming/DemetriusGScofield-commons.jpg	inventory/incoming/DemetriusGScofield-commons.jpg		From Wikimedia Commons (no URL in sourceUrl)	
748846d687fe737c9c19bc637ab657aff7360d2942faf657784ff3f52fb977c4	inventory/sole-copies/inventory/incoming/Firefly (1).jpg	inventory/incoming/Firefly (1).jpg		Generated banners	
0eb2061fe390dacdbf71133e70ef341435ab5f97c16472c014462c53c6a4d62e	inventory/sole-copies/inventory/incoming/Firefly (2).jpg	inventory/incoming/Firefly (2).jpg		Generated banners	
76bd9329253c7351494485ac74fbb6bc95998593fcfc0f59204a1c4010d17f72	inventory/sole-copies/inventory/incoming/Firefly.jpg	inventory/incoming/Firefly.jpg		Generated banners	
d70ad34e89eec82dd53ac8e17cb83237327d638b096f8ae5c2ac7c896703ef3c	inventory/sole-copies/inventory/incoming/csun-central-campus-commons.jpg	inventory/incoming/csun-central-campus-commons.jpg		From Wikimedia Commons (no URL in sourceUrl)	
ccffd5c5e1397400d7f8c7792dacd70b8916748749c277fee7fee6a8c02a7efe	inventory/sole-copies/inventory/incoming/done/ap1334-enhanced.jpg	inventory/incoming/done/ap1334-enhanced.jpg		Enhanced derivatives made for the archive	
b95696116a00679885c49e3c777513592f4402cdeba621fb732829e7af3e78b3	inventory/sole-copies/inventory/incoming/done/ap2222_large_enhanced.jpg	inventory/incoming/done/ap2222_large_enhanced.jpg		Enhanced derivatives made for the archive	
b1f5bc774e2190dbee12028dbce61a6afdd4e78c25ec31f253f60a6d2af97462	inventory/sole-copies/inventory/incoming/done/bill-thomas-commons.jpg	inventory/incoming/done/bill-thomas-commons.jpg		From Wikimedia Commons (no URL in sourceUrl)	
39f44d5ecc1063e0710feaf75b493140fc068cab87025f1c53b8daf19d267955	inventory/sole-copies/inventory/incoming/done/brathwaite-louis-enhance.png	inventory/incoming/done/brathwaite-louis-enhance.png		Enhanced derivatives made for the archive	
3187d7f8b0c31fa4ab055afbe5bd159c15b11c7dee77fb6b1e563cb860936600	inventory/sole-copies/inventory/incoming/done/cathie-wright-commons.jpg	inventory/incoming/done/cathie-wright-commons.jpg		From Wikimedia Commons (no URL in sourceUrl)	
db143062a5115391c5ad494a14fff0f9ade4af92e47d9f6666571aa9c7895aa9	inventory/sole-copies/inventory/incoming/done/cephas-l-bard-commons.jpg	inventory/incoming/done/cephas-l-bard-commons.jpg		From Wikimedia Commons (no URL in sourceUrl)	
29637a945c407b55f72d6285bc60bc33eb9089fcd43a94f2825ff65d23817adb	inventory/sole-copies/inventory/incoming/done/fran-pavley-commons.jpg	inventory/incoming/done/fran-pavley-commons.jpg		From Wikimedia Commons (no URL in sourceUrl)	
4fa51827cbb0ee1710de6539c9fb86638fa3c643403d45d26a69456e11b3d40d	inventory/sole-copies/inventory/incoming/done/george-whitesides-commons.jpg	inventory/incoming/done/george-whitesides-commons.jpg		From Wikimedia Commons (no URL in sourceUrl)	
163c542e4b46149e933e86b69d3bde9f42003658c0aeac86d8c1a232d2d6af15	inventory/sole-copies/inventory/incoming/done/henry-stern-commons.jpg	inventory/incoming/done/henry-stern-commons.jpg		From Wikimedia Commons (no URL in sourceUrl)	
1ef876fc8b0e92ba37825f1547259cc2df196369daab09d0d5a562d0ec234b9e	inventory/sole-copies/inventory/incoming/done/jeff-gorell-commons.jpg	inventory/incoming/done/jeff-gorell-commons.jpg		From Wikimedia Commons (no URL in sourceUrl)	
07ea280913aa944822c328e23012e9faf61be04aa18d3eda876e100abd691fd8	inventory/sole-copies/inventory/incoming/done/kevin-mccarthy-commons.jpg	inventory/incoming/done/kevin-mccarthy-commons.jpg		From Wikimedia Commons (no URL in sourceUrl)	
bf9d0c994dc42784de64ff12fb7f04b40ad20f67e028d6c6c447e5768c7d367e	inventory/sole-copies/inventory/incoming/done/lw2054-enhanced.jpg	inventory/incoming/done/lw2054-enhanced.jpg		Enhanced derivatives made for the archive	
4103e009930ce0f0839ccfbf29fed8ba75d97ebf0609287bb0852065181beb1a	inventory/sole-copies/inventory/incoming/done/lw2178-enhance.jpg	inventory/incoming/done/lw2178-enhance.jpg		Enhanced derivatives made for the archive	
8e9f0f7699cf3e698c42c5296d7d779eee1ead22c420e088ed218a8ebba3396a	inventory/sole-copies/inventory/incoming/done/lw2317a_large-enhanced.jpg	inventory/incoming/done/lw2317a_large-enhanced.jpg		Enhanced derivatives made for the archive	
c25f31dbd59dd0cf5f7bb605501a0a7d623a0bcb2eaf21379ce76be55478e108	inventory/sole-copies/inventory/incoming/done/lw2452-enhanced.jpg	inventory/incoming/done/lw2452-enhanced.jpg		Enhanced derivatives made for the archive	
47229d72843f5149983cc88f08e280263cc507b2d42a54bc0037fa374079b5b0	inventory/sole-copies/inventory/incoming/done/lw2529-enhanced.jpg	inventory/incoming/done/lw2529-enhanced.jpg		Enhanced derivatives made for the archive	
e70abc4f8f5be1b5a6db1469739ca02863f9c85e6713e59255a131a846893baf	inventory/sole-copies/inventory/incoming/done/lw9501_large_enhanced.jpg	inventory/incoming/done/lw9501_large_enhanced.jpg		Enhanced derivatives made for the archive	
c0514fb08a1a3977af2486ee0469e9dd0121b48b9ad215a9f78b7d35c1541ef2	inventory/sole-copies/inventory/incoming/done/mike-garcia-commons.jpg	inventory/incoming/done/mike-garcia-commons.jpg		From Wikimedia Commons (no URL in sourceUrl)	
aca1d98ba33dc506d3cc5ce764d9860a1c6d3cb3ffb1e7f63a24eace793623e4	inventory/sole-copies/inventory/incoming/done/obituary_keithrichman-enhanced.jpg	inventory/incoming/done/obituary_keithrichman-enhanced.jpg		Enhanced derivatives made for the archive	
7664c8e513556e0262c171d4791db0b616a762a1b5310cd4344ad15f33d5326f	inventory/sole-copies/inventory/incoming/done/obituary_kevingarylynch-enhanced.jpg	inventory/incoming/done/obituary_kevingarylynch-enhanced.jpg		Enhanced derivatives made for the archive	
86f900ae664f9c1e2e26a811175f0dab03ff3e8684a4258b024d5372b3233f73	inventory/sole-copies/inventory/incoming/done/phineas-banning-commons.jpg	inventory/incoming/done/phineas-banning-commons.jpg		From Wikimedia Commons (no URL in sourceUrl)	
2305798976f3a59b2eac66a587dbccb61adb24148f0c5fc979289d4d9db446ea	inventory/sole-copies/inventory/incoming/done/reminadeau-chrisman-enhance.jpg	inventory/incoming/done/reminadeau-chrisman-enhance.jpg		Enhanced derivatives made for the archive	
0b1c143ddd22a73f6b563046717538abb30b4edb10182e63d9770fd2b2808752	inventory/sole-copies/inventory/incoming/done/rn3002_large-enhanced.jpg	inventory/incoming/done/rn3002_large-enhanced.jpg		Enhanced derivatives made for the archive	
603eca9c22e3098ed96350c539f776d50b44a7e52b969c79fa88377aa26a97f6	inventory/sole-copies/inventory/incoming/done/rn3004-enhanced.jpg	inventory/incoming/done/rn3004-enhanced.jpg		Enhanced derivatives made for the archive	
2f1612f648350c8dd18730235ce2f609cab9a4aac263e05bf6fe8f43a4fe90b3	inventory/sole-copies/inventory/incoming/done/rr1-enhanced.jpg	inventory/incoming/done/rr1-enhanced.jpg		Enhanced derivatives made for the archive	
f69d4c3fe4ee621a312a1e981b3357ec207cde698d7aad2d7c02561eb0922744	inventory/sole-copies/inventory/incoming/done/sc9010-enhanced.jpg	inventory/incoming/done/sc9010-enhanced.jpg		Enhanced derivatives made for the archive	
d5a4c99c39127fe7d9c1c370d3c95686eccd4679fbfe4cbe5282bcf785ee1ec0	inventory/sole-copies/inventory/incoming/done/sc9501-enhanced.jpg	inventory/incoming/done/sc9501-enhanced.jpg		Enhanced derivatives made for the archive	
e8bda0e7d8d5bfcb526a9e895706f882947f71a7a9f9a5b4e410387868f4474e	inventory/sole-copies/inventory/incoming/done/sc9612-enhanced.jpg	inventory/incoming/done/sc9612-enhanced.jpg		Enhanced derivatives made for the archive	
8be4bb99b5f0e49cfe9a8dde7ebd8accede0bef2ad8e71a038b1c18e98fc8ee7	inventory/sole-copies/inventory/incoming/done/tf1000-enhanced.jpg	inventory/incoming/done/tf1000-enhanced.jpg		Enhanced derivatives made for the archive	
3c542db50362e12538c21a47f72caa10d40cc9efd89fec0816bfec25afcf5659	inventory/sole-copies/inventory/incoming/done/tom-mcclintock-commons.jpg	inventory/incoming/done/tom-mcclintock-commons.jpg		From Wikimedia Commons (no URL in sourceUrl)	
06330e9ed6055389f50f268a904d582f074406d831bf429fa5e465484d502dd0	inventory/sole-copies/inventory/incoming/done/us8502_orig-enhanced.jpg	inventory/incoming/done/us8502_orig-enhanced.jpg		Enhanced derivatives made for the archive	
25b768c11d78a0941f0b29020997b1faf14cc375068c6b98b3ac4b31d86cd32a	inventory/sole-copies/inventory/incoming/done/william-lewis-manly-portrait-1890s-enhanced.jpg	inventory/incoming/done/william-lewis-manly-portrait-1890s-enhanced.jpg		Enhanced derivatives made for the archive	
89e1502c5e176fcb9bcb6e7ad999b605abd0147f6f7771d22ecfb341aa8c8708	inventory/sole-copies/web/uploads/archive-media/edwin-bryant.png	web/uploads/archive-media/edwin-bryant.png		Assets whose provenance names no source	1671
c7f284dac7749ebccdd7adeca5d2786547ec315d7a4b7d2b4597ffa121844fa1	inventory/sole-copies/web/uploads/archive-media/elections/10880.pdf	web/uploads/archive-media/elections/10880.pdf	inventory/elections/10880.pdf	Assets whose provenance names no source	21917
6f6810d6fa236fdf636d32ac4d3711e679664b38eb78e16be31d9123345d7796	inventory/sole-copies/web/uploads/archive-media/elections/2016StatementofVotesCast-4.pdf	web/uploads/archive-media/elections/2016StatementofVotesCast-4.pdf	inventory/elections/2016StatementofVotesCast-4.pdf	Assets whose provenance names no source	21929
e2349b53fb388b3c15b676b9a6533f1e0f0fb6147fd0c8dab9407391efe8d585	inventory/sole-copies/web/uploads/archive-media/elections/Final-Certficate-of-Canvas-1.pdf	web/uploads/archive-media/elections/Final-Certficate-of-Canvas-1.pdf	inventory/elections/Final-Certficate-of-Canvas-1.pdf	Assets whose provenance names no source	21920
57fdf61d7a524909375ce576516dd070e20b3338472864b359ba454f0000033f	inventory/sole-copies/web/uploads/archive-media/elections/Final-Election-Canvass-Res-2.pdf	web/uploads/archive-media/elections/Final-Election-Canvass-Res-2.pdf	inventory/elections/Final-Election-Canvass-Res-2.pdf	Assets whose provenance names no source	21923
f827fed35d16e0d7a1802cfd901487705023ee6d870241c0b4af483a47a56b03	inventory/sole-copies/web/uploads/archive-media/elections/LACountyFinalVoteCount-3.pdf	web/uploads/archive-media/elections/LACountyFinalVoteCount-3.pdf	inventory/elections/LACountyFinalVoteCount-3.pdf	Assets whose provenance names no source	21926
71204d84da7ed55e8ae9ff7300797b82a5a405e7143e4e716aa6b4f49b0a1957	inventory/sole-copies/web/uploads/archive-media/elections/LOCAL-APPT-LIST_-082625.pdf	web/uploads/archive-media/elections/LOCAL-APPT-LIST_-082625.pdf	inventory/elections/LOCAL-APPT-LIST_-082625.pdf	Assets whose provenance names no source	21941
4c07ddb940461b6d3067fec88f089740d9fe46e0d333579c87ebf8c3dae4005b	inventory/sole-copies/web/uploads/archive-media/elections/historical-results-7.pdf	web/uploads/archive-media/elections/historical-results-7.pdf	inventory/elections/historical-results-7.pdf	Assets whose provenance names no source	21938
c259bf788e75f2422c6f7ada1436ffa2a7437430820514d2e60340ece89b24ba	inventory/sole-copies/web/uploads/archive-media/elections/resolutionNo129-6.pdf	web/uploads/archive-media/elections/resolutionNo129-6.pdf	inventory/elections/resolutionNo129-6.pdf	Assets whose provenance names no source	21935
c75ab9b8de0dd88d755fdc555c3392206a274d928ed91f39bca7334edf54fd92	inventory/sole-copies/web/uploads/archive-media/fort-tejon.jpg	web/uploads/archive-media/fort-tejon.jpg		Assets whose provenance names no source	1187
604c0fe95a4896f964215bb15f25f33036637c5de369b9afa7907e9d44a465af	inventory/sole-copies/web/uploads/archive-media/general/Android-Icon.png	web/uploads/archive-media/general/Android-Icon.png		Assets whose provenance names no source	38
454e5d7ebef732fa065351008b57850a80454fa38d63c070fed3e042424961d4	inventory/sole-copies/web/uploads/archive-media/general/Apple-icon.png	web/uploads/archive-media/general/Apple-icon.png		Assets whose provenance names no source	40
f62f286124e9dc973239274aa5c086c3891d14e0ccb86b1b343de5494ff16fe3	inventory/sole-copies/web/uploads/archive-media/general/Site-Icon.png	web/uploads/archive-media/general/Site-Icon.png		Assets whose provenance names no source	39
c936890b4819c33e41fcea628623879aa63071889ba08790a8c86edfc10227f2	inventory/sole-copies/web/uploads/archive-media/general/cropped-Site-Icon.png	web/uploads/archive-media/general/cropped-Site-Icon.png		Assets whose provenance names no source	37
d259493d84e4bebe8267de8648f7a41a91c39913c57d1a65d36ad6f6419a8e8a	inventory/sole-copies/web/uploads/archive-media/general/seal_of_santa_clarita_california.png	web/uploads/archive-media/general/seal_of_santa_clarita_california.png		Assets whose provenance names no source	41
79e35506fc776edefcb9a6b8ccde238548ce9228974f4de9ab2a06611e3711bc	inventory/sole-copies/web/uploads/archive-media/harry-carey-ranch.jpg	web/uploads/archive-media/harry-carey-ranch.jpg		Assets whose provenance names no source	1189
193dfc1667de8fd165b02e8b78436e6129400a62fd2550ab6d20986e6059b0bd	inventory/sole-copies/web/uploads/archive-media/lake-hughes.jpg	web/uploads/archive-media/lake-hughes.jpg		Assets whose provenance names no source	1191
520b047b058b0b4951908a64c94ac37b7e0051cc1d6fc5237a227777a6a38e16	inventory/sole-copies/web/uploads/archive-media/lang.jpg	web/uploads/archive-media/lang.jpg		Assets whose provenance names no source	1193
1bde721f22c4f0254ead2d5be75de901f0af65a82dbaf2152bb961f93fe0b680	inventory/sole-copies/web/uploads/archive-media/legacy/al1890t.jpg	web/uploads/archive-media/legacy/al1890t.jpg		Assets whose provenance names no source	2357
7e9220648fc414b6dd4b6ab5528d31ab105aa81fc08e1bb4b6728baca9dbbe6a	inventory/sole-copies/web/uploads/archive-media/legacy/al_laherald012503t.jpg	web/uploads/archive-media/legacy/al_laherald012503t.jpg		Assets whose provenance names no source	2358
0839d8fb326c7b534d1e029633652c6f6ef5d71bd01292f2c6df69768e90392f	inventory/sole-copies/web/uploads/archive-media/legacy/ap3227bt.jpg	web/uploads/archive-media/legacy/ap3227bt.jpg		Assets whose provenance names no source	2359
c8c82ca17be1f039c43c7dbbb1d1b7f7fb6c1c049a53252f842dd88c3272d4e8	inventory/sole-copies/web/uploads/archive-media/legacy/ap3227t.jpg	web/uploads/archive-media/legacy/ap3227t.jpg		Assets whose provenance names no source	2356
c621cbf15a3a0a49f31d9dd323a4e7d6b8636d08ff17315649d0305c55a7b20d	inventory/sole-copies/web/uploads/archive-media/legacy/chs052015t.jpg	web/uploads/archive-media/legacy/chs052015t.jpg		Assets whose provenance names no source	1780
ff55dff6f49e9f1c1d626ab10e163a68180880f772784d578ba9cb1f29ec31c9	inventory/sole-copies/web/uploads/archive-media/legacy/garcesbakersfieldt.jpg	web/uploads/archive-media/legacy/garcesbakersfieldt.jpg		Assets whose provenance names no source	1779
592569a4812cc71834f7a6b8283260366d30c8786c2dbc56b0f1271520bf24a6	inventory/sole-copies/web/uploads/archive-media/legacy/gr0301t.jpg	web/uploads/archive-media/legacy/gr0301t.jpg		Assets whose provenance names no source	2361
8da5c1bd0aea7de616bd6002408d2241d1d429ef914b4b1171923b516b72aa28	inventory/sole-copies/web/uploads/archive-media/legacy/hb1301t.jpg	web/uploads/archive-media/legacy/hb1301t.jpg		Assets whose provenance names no source	2363
d89d762bca40c63f9a6f4966df8b130ffbf4f477fa3d01bb929888d4f98ac9dd	inventory/sole-copies/web/uploads/archive-media/legacy/jj2003a_2026-09-18-071338_lure.jpg	web/uploads/archive-media/legacy/jj2003a_2026-09-18-071338_lure.jpg		Assets whose provenance names no source	1846
026f3dcdeebab3b7fd125b01c29d4bb478c1de36b7dd91cf68c6601c608d4c90	inventory/sole-copies/web/uploads/archive-media/legacy/juancrespi-cenotapht.jpg	web/uploads/archive-media/legacy/juancrespi-cenotapht.jpg		Assets whose provenance names no source	1773
165d5d7b2090f2cf788fe71d965e717ca09a0b4d9f97492c410b3ebc7d1f8570	inventory/sole-copies/web/uploads/archive-media/legacy/lat020356cahuenga.jpg	web/uploads/archive-media/legacy/lat020356cahuenga.jpg		Assets whose provenance names no source	1870
58401b170b688618523f2865bbf2ad11ef3a90b1ece135eaabd7977babf839eb	inventory/sole-copies/web/uploads/archive-media/legacy/lw2069t.jpg	web/uploads/archive-media/legacy/lw2069t.jpg		Assets whose provenance names no source	1707
c3dd1da9ac214b92921b567893235a75289b9ecd5ef46a8c9fd6318edea43b1c	inventory/sole-copies/web/uploads/archive-media/legacy/lw2163t.jpg	web/uploads/archive-media/legacy/lw2163t.jpg		Assets whose provenance names no source	1705
971864a7aac462530c77caf538dc25c66bf87c91d6f7e8a8b1f1762bc861a7d0	inventory/sole-copies/web/uploads/archive-media/legacy/lw2224t.jpg	web/uploads/archive-media/legacy/lw2224t.jpg		Assets whose provenance names no source	1709
7f9bb7ed3de65c2045cde5625fcdc8543ede6d43e6d78a889f705cb0232c67ee	inventory/sole-copies/web/uploads/archive-media/legacy/lw2225t.jpg	web/uploads/archive-media/legacy/lw2225t.jpg		Assets whose provenance names no source	1706
ca75dfd482ffa26c9a9a47d92933dd1d218e5a304c0a208e9c34ede7e9b42ad4	inventory/sole-copies/web/uploads/archive-media/legacy/lw2504t.jpg	web/uploads/archive-media/legacy/lw2504t.jpg		Assets whose provenance names no source	1778
ea9d7384649bfe3d3a8bf36d2504f8de75c913ccfd5300b7ce4f516e9bdec541	inventory/sole-copies/web/uploads/archive-media/legacy/lw2654dt.jpg	web/uploads/archive-media/legacy/lw2654dt.jpg		Assets whose provenance names no source	1774
6dd42f92d8e7ff3382a0df02ce970d523a4de02f2961841ba018ced4d2837157	inventory/sole-copies/web/uploads/archive-media/legacy/pedrofagest.jpg	web/uploads/archive-media/legacy/pedrofagest.jpg		Assets whose provenance names no source	1777
2652bb431cfd1124d9d92d1476a2561fe63ff6ba4d37484f5d36f048dff5f6b3	inventory/sole-copies/web/uploads/archive-media/legacy/perkins_ab_2026-09-18-071146_nitl.jpg	web/uploads/archive-media/legacy/perkins_ab_2026-09-18-071146_nitl.jpg		Assets whose provenance names no source	1757
ce325a73f2c6b95f31d662cdb5d16cc7a61137173cc327369543126219149516	inventory/sole-copies/web/uploads/archive-media/legacy/rosymelrose_latimest.jpg	web/uploads/archive-media/legacy/rosymelrose_latimest.jpg		Assets whose provenance names no source	2362
782c8da2631b2a66d75de5fd5595b7264711b1ca05a99047dac0104707f82930	inventory/sole-copies/web/uploads/archive-media/legacy/sicilyamericancemetery1.jpg	web/uploads/archive-media/legacy/sicilyamericancemetery1.jpg		Assets whose provenance names no source	1951
7d2fb4a415516023f5d545080337c868a184bfa0908c192e886f5908b836843f	inventory/sole-copies/web/uploads/archive-media/legacy/sicilyamericancemetery2.jpg	web/uploads/archive-media/legacy/sicilyamericancemetery2.jpg		Assets whose provenance names no source	1953
4e001f96843c047e3ec972e1d84b5a8f118dfad9384e92aca60a699fe3bcac4d	inventory/sole-copies/web/uploads/archive-media/legacy/sicilyamericancemetery3.jpg	web/uploads/archive-media/legacy/sicilyamericancemetery3.jpg		Assets whose provenance names no source	1954
b894783d80506abaa5e6b0568c6ca051b1ce850c03693170933ed776057158e9	inventory/sole-copies/web/uploads/archive-media/legacy/sicilyamericancemetery4.jpg	web/uploads/archive-media/legacy/sicilyamericancemetery4.jpg		Assets whose provenance names no source	1955
dde3697792933095ec4c4b5f51d469615b4959e0c481656e5939c05dfcb31be6	inventory/sole-copies/web/uploads/archive-media/legacy/sicilyamericancemetery5.jpg	web/uploads/archive-media/legacy/sicilyamericancemetery5.jpg		Assets whose provenance names no source	1956
264232ec63f6a759845f140318f8b920718bf0eeb799a940dcd32c9889d4f74c	inventory/sole-copies/web/uploads/archive-media/legacy/sicilyamericancemeterymap.jpg	web/uploads/archive-media/legacy/sicilyamericancemeterymap.jpg		Assets whose provenance names no source	1952
e94be6ff952052e1e4aeb0405faf707ee492c6998632239e25a1e651f119af36	inventory/sole-copies/web/uploads/archive-media/legacy/tlp_laherald111790t.jpg	web/uploads/archive-media/legacy/tlp_laherald111790t.jpg		Assets whose provenance names no source	2360
1a7770464c2b108c15f7c2ef81146c7c09397d8423836b2ad79d242ffc9d3045	inventory/sole-copies/web/uploads/archive-media/legacy/ttl0003.jpg	web/uploads/archive-media/legacy/ttl0003.jpg		Assets whose provenance names no source	2418
5675e6f3657340b7a8a0ff29922394297b4d35c3d0ebbbd31199a5eecfcb94cd	inventory/sole-copies/web/uploads/archive-media/outside/aakash-ahuja-campaign-image.jpg	web/uploads/archive-media/outside/aakash-ahuja-campaign-image.jpg		Assets whose provenance names no source	27350
d65e1aa96c0037f1ca9b87a45b85c6b4dabe66e8814f04a3dcee1380230445a0	inventory/sole-copies/web/uploads/archive-media/outside/andres-pico-commons-edited.jpg	web/uploads/archive-media/outside/andres-pico-commons-edited.jpg		From Wikimedia Commons (no URL in sourceUrl)	27385
23acafc8a823901b650b25544b149b5a0ff910f7a1ea81aad3c019c7cfacea01	inventory/sole-copies/web/uploads/archive-media/outside/bob-jensen-hart-district.jpg	web/uploads/archive-media/outside/bob-jensen-hart-district.jpg		Downloaded from a website (source page named)	28976
5f5842a4832a6737503d5d3be657653f981822e4bbb82d5ae0a3eb1731c69ae1	inventory/sole-copies/web/uploads/archive-media/outside/cherise-moore-hart-district.jpg	web/uploads/archive-media/outside/cherise-moore-hart-district.jpg		Downloaded from a website (source page named)	28974
9daf9f0cb3577f8b09c0f2b3c7221e18591b7d4b1d0e01244897408d337c4c73	inventory/sole-copies/web/uploads/archive-media/outside/christy-smith-assembly-portrait-2018.jpg	web/uploads/archive-media/outside/christy-smith-assembly-portrait-2018.jpg		From Wikimedia Commons (no URL in sourceUrl)	28210
c4e3840b9fa64ec1754c116f970fcee2b71832845058bca6b0fc2d775b27b6da	inventory/sole-copies/web/uploads/archive-media/outside/demetrius-g-scofield-1911-edited.jpg	web/uploads/archive-media/outside/demetrius-g-scofield-1911-edited.jpg		From Wikimedia Commons (no URL in sourceUrl)	27383
3364fd5f27c746878c86225e6cffcbe6fe38cfd6de0a1bf9857d6ad02dae8c89	inventory/sole-copies/web/uploads/archive-media/outside/erin-wilson-hart-district.jpg	web/uploads/archive-media/outside/erin-wilson-hart-district.jpg		Downloaded from a website (source page named)	28972
05ffacdc1ee133ccd476cffb3c97086744aa6fe814e2881e1b84f5ab27a01514	inventory/sole-copies/web/uploads/archive-media/outside/jeri-seratti-city-arts-commission.jpg	web/uploads/archive-media/outside/jeri-seratti-city-arts-commission.jpg		Downloaded from a website (source page named)	29128
d38005f2ef4393dcccb420cd476287c6ea043ad8cc6aeb91180c818d456489cb	inventory/sole-copies/web/uploads/archive-media/outside/joe-messina-hart-district.jpg	web/uploads/archive-media/outside/joe-messina-hart-district.jpg		Downloaded from a website (source page named)	28978
8773cf1bfde4ce456fd53ec4d46e4c408bf2584aa17ea9f43104f8561dc1c58e	inventory/sole-copies/web/uploads/archive-media/outside/maria-gutzeit-campaign-avatar.png	web/uploads/archive-media/outside/maria-gutzeit-campaign-avatar.png		Assets whose provenance names no source	21581
414cdc3b68de42877da8d731329e9be2725e4d0eedda525d7243b7fbefb3cfa7	inventory/sole-copies/web/uploads/archive-media/outside/michael-vierra-hart-district.jpg	web/uploads/archive-media/outside/michael-vierra-hart-district.jpg		Downloaded from a website (source page named)	28980
bf59db87cb89ff42abe069a4e311930b9301f60cc30c85b058b1567be9396dad	inventory/sole-copies/web/uploads/archive-media/outside/susan-shapiro-city-arts-commission.jpg	web/uploads/archive-media/outside/susan-shapiro-city-arts-commission.jpg		Downloaded from a website (source page named)	29126
3ead8ceb4c179da938e172d979d2ab7a7524fd932d589af41add7444a890e5f1	inventory/sole-copies/web/uploads/archive-media/persons/1875-beales-cut-railroad-stagecoach-transfer-newhall-santa-clarita.jpg	web/uploads/archive-media/persons/1875-beales-cut-railroad-stagecoach-transfer-newhall-santa-clarita.jpg		Assets whose provenance names no source	64
fc42dcefea7ca72a5ef3dd15bddcb6528b6bbdb59632daba5bd85d1b1e4c2ce9	inventory/sole-copies/web/uploads/archive-media/persons/1923-tom-mix-horse-leap-beales-cut-newhall-santa-clarita.webp	web/uploads/archive-media/persons/1923-tom-mix-horse-leap-beales-cut-newhall-santa-clarita.webp		Assets whose provenance names no source	78
137f5fbfe1f584a7504d523412f22a9110ed5082a90d935e6e435bc800e7b334	inventory/sole-copies/web/uploads/archive-media/persons/about-scott-wilk-california-assembly.png	web/uploads/archive-media/persons/about-scott-wilk-california-assembly.png		Assets whose provenance names no source	20
2c52bc1d849c4d154771e0e096268ea28ef10fb9f52642e6c2af480cc71e14c2	inventory/sole-copies/web/uploads/archive-media/persons/andres_pico_circa_1850.jpg	web/uploads/archive-media/persons/andres_pico_circa_1850.jpg		Assets whose provenance names no source	4
f9e23359ddff8cb8303f8c944b8f07e80624d465a2837c6421979a44bbbebd94	inventory/sole-copies/web/uploads/archive-media/persons/cave-johnson-couts-portrait-us-army.jpg	web/uploads/archive-media/persons/cave-johnson-couts-portrait-us-army.jpg		Assets whose provenance names no source	12
57b78e9e90cfcb37ac1650fc5323223b616a8055c17ac7621f9cd212d28bed2c	inventory/sole-copies/web/uploads/archive-media/persons/county-road-map-lyons-station-newhall-seebold-1875-scaled.jpg	web/uploads/archive-media/persons/county-road-map-lyons-station-newhall-seebold-1875-scaled.jpg		Assets whose provenance names no source	82
d6b6483ad1792a089ed2d8b7bea4ed47c31892e02ed933e16559a6bbc1b4a109	inventory/sole-copies/web/uploads/archive-media/persons/edward-fitzgerald-beale-portrait.jpg	web/uploads/archive-media/persons/edward-fitzgerald-beale-portrait.jpg		Assets whose provenance names no source	27
388843db0dbed746d74a5194744956048a1432bf05073fefe8b45629dd916ce1	inventory/sole-copies/web/uploads/archive-media/persons/freeway_collapse_newhall_pass_los_angeles_northridge_earthquake_david_butow_corbis_011794_public_domain.jpeg	web/uploads/archive-media/persons/freeway_collapse_newhall_pass_los_angeles_northridge_earthquake_david_butow_corbis_011794_public_domain.jpeg		Assets whose provenance names no source	61
d4329e98fbedc5d921d90f8594a08430db61540c35eed9c75845fd452d31b0ca	inventory/sole-copies/web/uploads/archive-media/persons/gaspar-de-portola-portrait.jpg	web/uploads/archive-media/persons/gaspar-de-portola-portrait.jpg		Assets whose provenance names no source	30
94a6abb0d8390c631f708de307ef60472c59b1abc8904d6c86c94ca24ca00ba6	inventory/sole-copies/web/uploads/archive-media/persons/gifford-john-timothy-portrait-1870s-scvhs-scaled.jpg	web/uploads/archive-media/persons/gifford-john-timothy-portrait-1870s-scvhs-scaled.jpg		Assets whose provenance names no source	7
558c59ae749984534265c6a63727150e893b442a0d5db70a70afa81b4a66bb01	inventory/sole-copies/web/uploads/archive-media/persons/henry-mayo-hospital-scaled.jpg	web/uploads/archive-media/persons/henry-mayo-hospital-scaled.jpg		Assets whose provenance names no source	74
ce096d87f1ed9c363509dfdb469a7eca61582b816dab82058c694acc5c1b358f	inventory/sole-copies/web/uploads/archive-media/persons/history-santa-clarita-chapter-1-jerry-reynolds.jpg	web/uploads/archive-media/persons/history-santa-clarita-chapter-1-jerry-reynolds.jpg		Assets whose provenance names no source	73
3cabe7ac8f21982296cb5f18ef1e54ad416b0836a4bbcc82717bc715b3a2cea1	inventory/sole-copies/web/uploads/archive-media/persons/history-santa-clarita-chapter-10-jerry-reynolds.jpg	web/uploads/archive-media/persons/history-santa-clarita-chapter-10-jerry-reynolds.jpg		Assets whose provenance names no source	52
fed8ee0bf7b243a219bd7d4b502f0e9f05e4cdd5a9d6634c4c4595372eb2896f	inventory/sole-copies/web/uploads/archive-media/persons/history-santa-clarita-chapter-11-jerry-reynolds.jpg	web/uploads/archive-media/persons/history-santa-clarita-chapter-11-jerry-reynolds.jpg		Assets whose provenance names no source	44
087f7c6ed4c14b384d2993b234b79c7a416d3529e14aaa9f82d9503be8b52d30	inventory/sole-copies/web/uploads/archive-media/persons/history-santa-clarita-chapter-12-jerry-reynolds.jpg	web/uploads/archive-media/persons/history-santa-clarita-chapter-12-jerry-reynolds.jpg		Assets whose provenance names no source	81
11b4fd9a778e8fb90a7b21a10c0d2a43137535b69a4545045bf08156e21703fc	inventory/sole-copies/web/uploads/archive-media/persons/history-santa-clarita-chapter-13-jerry-reynolds.jpg	web/uploads/archive-media/persons/history-santa-clarita-chapter-13-jerry-reynolds.jpg		Assets whose provenance names no source	70
0dee24812f2a11b2dfe7ead71f08886c9e739ee9ae29510d8e2ccefd0ee6444e	inventory/sole-copies/web/uploads/archive-media/persons/history-santa-clarita-chapter-14-jerry-reynolds.jpg	web/uploads/archive-media/persons/history-santa-clarita-chapter-14-jerry-reynolds.jpg		Assets whose provenance names no source	48
66a6266b19b0dc970861ac2e9c7a38026568366b8a3073b31c31714555ce53e6	inventory/sole-copies/web/uploads/archive-media/persons/history-santa-clarita-chapter-15-jerry-reynolds.jpg	web/uploads/archive-media/persons/history-santa-clarita-chapter-15-jerry-reynolds.jpg		Assets whose provenance names no source	57
2bb57aea8aee73fa3ee95c21f51394db5ac568e5ab224e3842290703f160b3d4	inventory/sole-copies/web/uploads/archive-media/persons/history-santa-clarita-chapter-16-jerry-reynolds-1.jpg	web/uploads/archive-media/persons/history-santa-clarita-chapter-16-jerry-reynolds-1.jpg		Assets whose provenance names no source	55
d9e8aa036c09d12e125b8e2c355bdea4c0a324ee684d6a83f5a7bd5fcc1eb1f3	inventory/sole-copies/web/uploads/archive-media/persons/history-santa-clarita-chapter-17-jerry-reynolds.jpg	web/uploads/archive-media/persons/history-santa-clarita-chapter-17-jerry-reynolds.jpg		Assets whose provenance names no source	66
9a6dd84661d976ad67b0d9bdf5f1f70e25b63ea176bc1472f0e924d277a1ba3d	inventory/sole-copies/web/uploads/archive-media/persons/history-santa-clarita-chapter-18-jerry-reynolds.jpg	web/uploads/archive-media/persons/history-santa-clarita-chapter-18-jerry-reynolds.jpg		Assets whose provenance names no source	65
0599e71aacf98e651196dd2d1f2584ef67a76228f346db018ed5f7d0d60a0471	inventory/sole-copies/web/uploads/archive-media/persons/history-santa-clarita-chapter-19-jerry-reynolds.jpg	web/uploads/archive-media/persons/history-santa-clarita-chapter-19-jerry-reynolds.jpg		Assets whose provenance names no source	60
40cf07c14e64e76e80d6aa3778d9f8d93c56ed638991e2e96956c9105aed7ec4	inventory/sole-copies/web/uploads/archive-media/persons/history-santa-clarita-chapter-2-jerry-reynolds.jpg	web/uploads/archive-media/persons/history-santa-clarita-chapter-2-jerry-reynolds.jpg		Assets whose provenance names no source	63
a9ac682832361279a914fdfb02ede34518f4c800c11b0472c3ccdc55416038cc	inventory/sole-copies/web/uploads/archive-media/persons/history-santa-clarita-chapter-20-jerry-reynolds.jpg	web/uploads/archive-media/persons/history-santa-clarita-chapter-20-jerry-reynolds.jpg		Assets whose provenance names no source	46
3d05bb3690828115a2c4b89c8a8d8e81f39dc1d6f9ceaa6c2078ea735eccd79b	inventory/sole-copies/web/uploads/archive-media/persons/history-santa-clarita-chapter-21-jerry-reynolds.jpg	web/uploads/archive-media/persons/history-santa-clarita-chapter-21-jerry-reynolds.jpg		Assets whose provenance names no source	83
4090ad28e72c3793de0846d2fba4c3c6bf32e61d7d44b98b7839b35553f24bc5	inventory/sole-copies/web/uploads/archive-media/persons/history-santa-clarita-chapter-3-jerry-reynolds.jpg	web/uploads/archive-media/persons/history-santa-clarita-chapter-3-jerry-reynolds.jpg		Assets whose provenance names no source	56
67d8c0f3f478e4b3697b2acdc12851291d9d5814ddb9285753087c54f8832e3b	inventory/sole-copies/web/uploads/archive-media/persons/history-santa-clarita-chapter-4-jerry-reynolds.jpg	web/uploads/archive-media/persons/history-santa-clarita-chapter-4-jerry-reynolds.jpg		Assets whose provenance names no source	51
429cf0ce203f7f632a73093bd99ce37326c6e2cf2b28aaccd7c1b5389583a2a7	inventory/sole-copies/web/uploads/archive-media/persons/history-santa-clarita-chapter-5-jerry-reynolds.jpg	web/uploads/archive-media/persons/history-santa-clarita-chapter-5-jerry-reynolds.jpg		Assets whose provenance names no source	72
7b291a01d8908dea2bfd31b7113fdc5a7b3a6ee84d597d792b4316989c853353	inventory/sole-copies/web/uploads/archive-media/persons/history-santa-clarita-chapter-6-jerry-reynolds.jpg	web/uploads/archive-media/persons/history-santa-clarita-chapter-6-jerry-reynolds.jpg		Assets whose provenance names no source	53
2bc5fa86c3833e6e10198b740bdea5ad00b325e9e241a5ad18eb3c03053b6d20	inventory/sole-copies/web/uploads/archive-media/persons/history-santa-clarita-chapter-7-jerry-reynolds.jpg	web/uploads/archive-media/persons/history-santa-clarita-chapter-7-jerry-reynolds.jpg		Assets whose provenance names no source	76
1d14f0332c6d34a6dda77e948ea2035f5db7c6926b50c3ff3cfef244abb6ccca	inventory/sole-copies/web/uploads/archive-media/persons/history-santa-clarita-chapter-8-jerry-reynolds.jpg	web/uploads/archive-media/persons/history-santa-clarita-chapter-8-jerry-reynolds.jpg		Assets whose provenance names no source	45
e3594dbdbe5d3a4c02b3c118f65efa97fb89b05bd199638b663d6c1698aeadd6	inventory/sole-copies/web/uploads/archive-media/persons/history-santa-clarita-chapter-9-jerry-reynolds.jpg	web/uploads/archive-media/persons/history-santa-clarita-chapter-9-jerry-reynolds.jpg		Assets whose provenance names no source	68
f9f5229b69f6db11c02d24c69c7291032477724af49abb78f43b89158539faea	inventory/sole-copies/web/uploads/archive-media/persons/history-santa-clarita-prologue-jerry-reynolds.jpg	web/uploads/archive-media/persons/history-santa-clarita-prologue-jerry-reynolds.jpg		Assets whose provenance names no source	43
b5634215d0be886a228103c63f36a99be5a19fab4da0bae7705c9c53e3c5d438	inventory/sole-copies/web/uploads/archive-media/persons/james-w-marshall-portrait-1870s.jpg	web/uploads/archive-media/persons/james-w-marshall-portrait-1870s.jpg		Assets whose provenance names no source	2
417ec0795bf3eb51d28e977ae784ef66bcf25c507838b119048ba891f4f9793a	inventory/sole-copies/web/uploads/archive-media/persons/john-c-fremont-portrait-california-state-library-scaled.png	web/uploads/archive-media/persons/john-c-fremont-portrait-california-state-library-scaled.png		Assets whose provenance names no source	10
8bebd4102f7931a006957f12daf33ac285a72852bffe86e946e48963f4ec17cd	inventory/sole-copies/web/uploads/archive-media/persons/jose-antonio-aguirre-portrait-san-diego-history.jpg	web/uploads/archive-media/persons/jose-antonio-aguirre-portrait-san-diego-history.jpg		Assets whose provenance names no source	8
36fa959ee0a691e199bdeaa58020920d98bbc3318fc806ca2828c2992472c1c4	inventory/sole-copies/web/uploads/archive-media/persons/juan-bandini-portrait-c1850s.jpg	web/uploads/archive-media/persons/juan-bandini-portrait-c1850s.jpg		Assets whose provenance names no source	11
9aa82b221306ad432ad2ca776a1b546f205d3065c868a3068e6f4771895b47f3	inventory/sole-copies/web/uploads/archive-media/persons/juan-bautista-de-anza-portrait-1774.jpg	web/uploads/archive-media/persons/juan-bautista-de-anza-portrait-1774.jpg		Assets whose provenance names no source	19
70226141b7feab02e645af1cd7177043b551b2aaf7d057e5023febf8ffddf143	inventory/sole-copies/web/uploads/archive-media/persons/juan-crespi-portrait.jpg	web/uploads/archive-media/persons/juan-crespi-portrait.jpg		Assets whose provenance names no source	22
93ad12c56bf22846ea5146a480c5746e2c33cb8360c81f371723752ab17286d9	inventory/sole-copies/web/uploads/archive-media/persons/junipero_serra.jpg	web/uploads/archive-media/persons/junipero_serra.jpg		Assets whose provenance names no source	18
63ce6cfd4bcad396dee9699901dd6d0b1a0386be877d8ec2e75c35bad5a666ac	inventory/sole-copies/web/uploads/archive-media/persons/kit_carson_photograph_restored.jpg	web/uploads/archive-media/persons/kit_carson_photograph_restored.jpg		Assets whose provenance names no source	31
57805fa650449b07489a8d5144bf3899ef4bd25b12fc60ac09ba42b6859b43e1	inventory/sole-copies/web/uploads/archive-media/persons/leon-worden-cowboy-hat.webp	web/uploads/archive-media/persons/leon-worden-cowboy-hat.webp		Assets whose provenance names no source	23
03f8e3dc04bd4c4c497f42e07abf85ca88a62e93287839c5504c4a83d2299c69	inventory/sole-copies/web/uploads/archive-media/persons/nadeau-remi-i-portrait-citymakers-1977-p65-scaled.jpg	web/uploads/archive-media/persons/nadeau-remi-i-portrait-citymakers-1977-p65-scaled.jpg		Assets whose provenance names no source	25
3ad86c5eb2e67731b5e4ea2dce06bc6c649412c2a51528309e704f1722154114	inventory/sole-copies/web/uploads/archive-media/persons/newhall_pass_interchange_from_bypass_2016-11-28-scaled.jpg	web/uploads/archive-media/persons/newhall_pass_interchange_from_bypass_2016-11-28-scaled.jpg		Assets whose provenance names no source	50
dc633e4041bad73a147d7f14e5c9c46f94b0939519d218835370f5f863068157	inventory/sole-copies/web/uploads/archive-media/persons/perkins-story-of-our-valley-masthead.svg	web/uploads/archive-media/persons/perkins-story-of-our-valley-masthead.svg		Assets whose provenance names no source	62
84eee5a5c6a86c80136c53618eb2dd4bd8d4aed8fef93bb8bbcc82af542a642c	inventory/sole-copies/web/uploads/archive-media/persons/reynolds_collection_masthead.svg	web/uploads/archive-media/persons/reynolds_collection_masthead.svg		Assets whose provenance names no source	49
a7e69093ebd584cb27d4f35d345e7868e4dbf391f67a771f68ab0e70892f5335	inventory/sole-copies/web/uploads/archive-media/persons/rodolfo_acosta_in_one-eyed_jacks.jpg	web/uploads/archive-media/persons/rodolfo_acosta_in_one-eyed_jacks.jpg		Assets whose provenance names no source	17
50ad545bf74f129e49af4df4ebd8aba2df1ce02fd757b42ec6001199f2c87b72	inventory/sole-copies/web/uploads/archive-media/persons/thomas-o-larkin-portrait-california-state-library.jpg	web/uploads/archive-media/persons/thomas-o-larkin-portrait-california-state-library.jpg		Assets whose provenance names no source	26
d63fbfb16d5304d0aa024d6354f57698cc3048ec1a6a00a166b6ca42fd4ff391	inventory/sole-copies/web/uploads/archive-media/persons/ygnacio-del-valle-portrait-c1850s.jpg	web/uploads/archive-media/persons/ygnacio-del-valle-portrait-c1850s.jpg		Assets whose provenance names no source	9
0b9c55ce796e5b27ee2a9df859aeafaf19b336f22a2713d49442d6be3c862a59	inventory/sole-copies/web/uploads/archive-media/places/lyons-station-location-map-1875-1933-walker.jpg	web/uploads/archive-media/places/lyons-station-location-map-1875-1933-walker.jpg		Assets whose provenance names no source	33
a94d6ec956127c46c06501272634e06bdbed13f121667d4ad765b86f0f45e0a6	inventory/sole-copies/web/uploads/archive-media/places/tejon-ranch-entrance-sign-interstate-5.jpg	web/uploads/archive-media/places/tejon-ranch-entrance-sign-interstate-5.jpg		Assets whose provenance names no source	36
e549772dad987992d90b39867c5c52a0a5e0a82fa5ea277fdeaa95ccabcaf1c6	inventory/sole-copies/web/uploads/archive-media/rancho-camulos.jpg	web/uploads/archive-media/rancho-camulos.jpg		Assets whose provenance names no source	1195
16ddc2e2b753382329cf9a67c8526656745d92fb464886964b463135f6e9d790	inventory/sole-copies/web/uploads/archive-media/ridge-route.jpg	web/uploads/archive-media/ridge-route.jpg		Assets whose provenance names no source	1197
6a7fc4e6095bc25d09136107c0356ebeb0ad6402209230d69b07952800b28688	inventory/sole-copies/web/uploads/archive-media/story-of-our-valley-collection-1200x675.png	web/uploads/archive-media/story-of-our-valley-collection-1200x675.png		Assets whose provenance names no source	1655
