actonschool1968yearbook	actonschool1968yearbook/actonschool1968yearbook.pdf
actonschool1969yearbook	actonschool1969yearbook/actonschool1969yearbook.pdf
agwomen1984cookbook	agwomen1984cookbook/agwomen1984cookbook.pdf
ah1901	ah1901/ah1901.pdf
ahnert_stations_20200101	ahnert_stations_20200101/ahnert_stations_20200101.pdf
al1801	al1801/al1801.pdf
al1929	al1929/al1929.pdf
al2001	al2001/al2001.pdf
anf1995elsmere_deis	anf1995elsmere_deis/anf1995elsmere_deis.pdf
anf2016copper	anf2016copper/anf2016copper.pdf
anf_calan2464_2009	anf_calan2464_2009/anf_calan2464_2009.pdf
arroyoseco1975yearbook	arroyoseco1975yearbook/arroyoseco1975yearbook-orig.pdf
arroyoseco1975yearbook	arroyoseco1975yearbook/arroyoseco1975yearbook.pdf
arroyoseco1976yearbook	arroyoseco1976yearbook/arroyoseco1976yearbook.pdf
arroyoseco1980yearbook	arroyoseco1980yearbook/arroyoseco1980yearbook-orig.pdf
arroyoseco1980yearbook	arroyoseco1980yearbook/arroyoseco1980yearbook.pdf
arroyoseco1981yearbook	arroyoseco1981yearbook/arroyoseco1981yearbook-orig.pdf
arroyoseco1981yearbook	arroyoseco1981yearbook/arroyoseco1981yearbook.pdf
as1801	(zoomify_image; no pdf)
atoc2008roadmag	atoc2008roadmag/atoc2008roadmag.pdf
autobluebook1920vol8	autobluebook1920vol8/autobluebook1920vol8.pdf
autobluebook1920vol8_local	autobluebook1920vol8_local/autobluebook1920vol8_local.pdf
bb6001	(zoomify_image; no pdf)
belderrain1930	belderrain1930/belderrain1930.pdf
belderrain1930	belderrain1930/gold.pdf
bell1978fishes	bell1978fishes/bell1978fishes.pdf
bermite120204	bermite120204/Figures/ExecSumm/FigES03.pdf
bermite120204	bermite120204/Figures/ExecSumm/FigES08.pdf
bermite120204	bermite120204/Figures/ExecSumm/FigPES-01.pdf
bermite120204	bermite120204/Figures/ExecSumm/FigPES-02.pdf
bermite120204	bermite120204/Figures/ExecSumm/FigPES-04.pdf
bermite120204	bermite120204/Figures/ExecSumm/FigPES-05.pdf
bermite120204	bermite120204/Figures/ExecSumm/FigPES-06.pdf
bermite120204	bermite120204/Figures/ExecSumm/FigPES-07.pdf
bermite120204	bermite120204/Figures/Section1/FigP01-01.pdf
bermite120204	bermite120204/Figures/Section1/FigP01-02.pdf
bermite120204	bermite120204/Figures/Section2/FigP02-01.pdf
bermite120204	bermite120204/Figures/Section2/FigP02-02.pdf
bermite120204	bermite120204/Figures/Section2/FigP02-03.pdf
bermite120204	bermite120204/Figures/Section2/FigP02-04.pdf
bermite120204	bermite120204/Figures/Section2/FigP02-05.pdf
bermite120204	bermite120204/Figures/Section2/FigP02-06.pdf
bermite120204	bermite120204/Figures/Section2/FigP02-07.pdf
bermite120204	bermite120204/Figures/Section2/FigP02-08.pdf
bermite120204	bermite120204/Figures/Section2/FigP02-09.pdf
bermite120204	bermite120204/Figures/Section2/FigP02-10.pdf
bermite120204	bermite120204/Figures/Section2/FigP02-11.pdf
bermite120204	bermite120204/Figures/Section2/FigP02-12.pdf
bermite120204	bermite120204/Figures/Section2/FigP02-13.pdf
bermite120204	bermite120204/Figures/Section2/FigP02-14.pdf
bermite120204	bermite120204/Figures/Section2/FigP02-15.pdf
bermite120204	bermite120204/Figures/Section2/FigP02-16.pdf
bermite120204	bermite120204/Figures/Section2/FigP02-17.pdf
bermite120204	bermite120204/Figures/Section2/FigP02-18.pdf
bermite120204	bermite120204/Figures/Section2/FigP02-19.pdf
bermite120204	bermite120204/Figures/Section2/FigP02-20.pdf
bermite120204	bermite120204/Figures/Section2/FigP02-21.pdf
bermite120204	bermite120204/Figures/Section2/FigP02-22.pdf
bermite120204	bermite120204/Figures/Section2/FigP02-23.pdf
bermite120204	bermite120204/Figures/Section2/FigP02-24.pdf
bermite120204	bermite120204/Figures/Section2/FigP02-25.pdf
bermite120204	bermite120204/Figures/Section2/FigP02-26.pdf
bermite120204	bermite120204/Figures/Section2/FigP02-27.pdf
bermite120204	bermite120204/Figures/Section2/FigP02-28.pdf
bermite120204	bermite120204/Figures/Section2/FigP02-29.pdf
bermite120204	bermite120204/Figures/Section2/FigP02-30.pdf
bermite120204	bermite120204/Figures/Section2/FigP02-31.pdf
bermite120204	bermite120204/Figures/Section2/FigP02-32.pdf
bermite120204	bermite120204/Figures/Section2/FigP02-33.pdf
bermite120204	bermite120204/Figures/Section3/FigP03-01.pdf
bermite120204	bermite120204/Tables/FinalCL04Rpt_Tables.pdf
bermite120204	bermite120204/bermite120204.pdf
berry021299_files	(wayback_assets; no pdf)
bgclub40	bgclub40/bgclub40.pdf
biscailuz_genealogy	biscailuz_genealogy/biscailuz_genealogy.pdf
blm_stickelweinmanroberts1980	blm_stickelweinmanroberts1980/blm_stickelweinmanroberts1980.pdf
blr18101	(zoomify_image; no pdf)
blr18201	(zoomify_image; no pdf)
blr18202	(zoomify_image; no pdf)
blr18203	(zoomify_image; no pdf)
blr18204	(zoomify_image; no pdf)
blr18205	(zoomify_image; no pdf)
blr18206	(zoomify_image; no pdf)
blr18207	(zoomify_image; no pdf)
blr18208	(zoomify_image; no pdf)
bonsal_efbeale1912	(other_bundle; no pdf)
bowman1974yearbook	bowman1974yearbook/bowman1974yearbook-orig.pdf
bowman1974yearbook	bowman1974yearbook/bowman1974yearbook.pdf
bowman1976yearbook	bowman1976yearbook/bowman1976yearbook.pdf
bowman1981yearbook	bowman1981yearbook/bowman1981yearbook.pdf
bowman1982yearbook	bowman1982yearbook/bowman1982yearbook.pdf
bowman1983yearbook	bowman1983yearbook/bowman1983yearbook.pdf
bowman1984yearbook	bowman1984yearbook/bowman1984yearbook.pdf
bowman1985yearbook	bowman1985yearbook/bowman1985yearbook.pdf
bowman1986yearbook	bowman1986yearbook/bowman1986yearbook-orig.pdf
bowman1986yearbook	bowman1986yearbook/bowman1986yearbook.pdf
bowman1987yearbook	bowman1987yearbook/bowman1987yearbook-orig.pdf
bowman1987yearbook	bowman1987yearbook/bowman1987yearbook.pdf
bowman1988yearbook	bowman1988yearbook/bowman1988yearbook-orig.pdf
bowman1988yearbook	bowman1988yearbook/bowman1988yearbook.pdf
bowman1989yearbook	bowman1989yearbook/bowman1989yearbook-orig.pdf
bowman1989yearbook	bowman1989yearbook/bowman1989yearbook.pdf
bowman1990yearbook	bowman1990yearbook/bowman1990yearbook-orig.pdf
bowman1990yearbook	bowman1990yearbook/bowman1990yearbook.pdf
bowman1991yearbook	bowman1991yearbook/bowman1991yearbook-orig.pdf
bowman1991yearbook	bowman1991yearbook/bowman1991yearbook.pdf
bowman1992yearbook	bowman1992yearbook/bowman1992yearbook-orig.pdf
bowman1992yearbook	bowman1992yearbook/bowman1992yearbook.pdf
bowman1994yearbook	bowman1994yearbook/bowman1994yearbook-orig.pdf
bowman1994yearbook	bowman1994yearbook/bowman1994yearbook.pdf
bowman1995anthology	bowman1995anthology/bowman1995anthology.pdf
bowman1995yearbook	bowman1995yearbook/bowman1995yearbook-orig.pdf
bowman1995yearbook	bowman1995yearbook/bowman1995yearbook.pdf
bowman1996yearbook	bowman1996yearbook/bowman1996yearbook-orig.pdf
bowman1996yearbook	bowman1996yearbook/bowman1996yearbook.pdf
bowman1997yearbook	bowman1997yearbook/bowman1997yearbook.pdf
bowman1998yearbook	bowman1998yearbook/bowman1998yearbook-orig.pdf
bowman1998yearbook	bowman1998yearbook/bowman1998yearbook.pdf
boyer2015ch14	boyer2015ch14/boyer2015ch14.pdf
boynton1973_tomvernon	boynton1973_tomvernon/boynton1973_tomvernon.pdf
brynecache2016	brynecache2016/brynecache2016.pdf
butlerthyberg1948	butlerthyberg1948/butlerthyberg1948.pdf
bw8703	bw8703/bw8703.pdf
bw8705	(zoomify_image; no pdf)
califbusiness1989july	califbusiness1989july/califbusiness1989july.pdf
califmining1923	califmining1923/califmining192.pdf
califmining1923	califmining1923/califmining1923-orig.pdf
califmining1923	califmining1923/califmining1923.pdf
califmining1924	califmining1924/califmining1924.pdf
calmining1890	calmining1890/calmining1890-ebook.pdf
calmining1890	calmining1890/calmining1890-orig.pdf
calmining1890	calmining1890/calmining1890.pdf
calnagpra2001	calnagpra2001/calnagpra2001.pdf
caltrans040815_files	(wayback_assets; no pdf)
caltrans2008fortier	caltrans2008fortier/caltrans2008fortier.pdf
caltrans20200923scvhs	caltrans20200923scvhs/caltrans20200923.pdf
caltrans20200923scvhs	caltrans20200923scvhs/caltrans20200923scvhs.pdf
carey-bunse_habs_ca2712	carey-bunse_habs_ca2712/carey-bunse_habs_ca2712.pdf
cbre25425orchard	cbre25425orchard/cbre25425orchard.pdf
cc20190709jcoz_docs	cc20190709jcoz_docs/cc20190709jcoz.pdf
cc20190709jcoz_docs	cc20190709jcoz_docs/cc20190709jcoz_docs.pdf
cc20190709jcoz_docs	cc20190709jcoz_docs/cc20190709jcoz_maps 1.pdf
cc20190709jcoz_docs	cc20190709jcoz_docs/cc20190709jcoz_maps 2.pdf
cc20190709jcoz_docs	cc20190709jcoz_docs/cc20190709jcoz_maps 3.pdf
cc20190709jcoz_docs	cc20190709jcoz_docs/cc20190709jcoz_maps 4.pdf
cc20190709jcoz_docs	cc20190709jcoz_docs/cc20190709jcoz_maps 5.pdf
cc20190709jcoz_docs	cc20190709jcoz_docs/cc20190709jcoz_maps 6.pdf
cc20190709jcoz_docs	cc20190709jcoz_docs/cc20190709jcoz_maps 7.pdf
cc20190709jcoz_docs	cc20190709jcoz_docs/cc20190709jcoz_maps 8.pdf
cc20190709jcoz_docs	cc20190709jcoz_docs/cc20190709jcoz_maps 9.pdf
cc20190709jcoz_docs	cc20190709jcoz_docs/cc20190709jcoz_maps.pdf
cc20200319elections	(other_bundle; no pdf)
ccagenda092617item4	(other_bundle; no pdf)
cemex_culturalresources_peerreview2000	cemex_culturalresources_peerreview2000/cemex_culturalresources_peerreview2000.pdf
centurypacific19320215	centurypacific19320215/centurypacific19320215.pdf
ch9801a	ch9801a/ch9801a.pdf
ch9801b	ch9801b/ch9802b.pdf
childfamily2019annual	childfamily2019annual/childfamily2019annual.pdf
chs1971yearbook	chs1971yearbook/chs1971yearbook-orig.pdf
chs1971yearbook	chs1971yearbook/chs1971yearbook.pdf
chs1974yearbook	chs1974yearbook/chs1974yearbook-orig.pdf
chs1974yearbook	chs1974yearbook/chs1974yearbook.pdf
chs1975yearbook	chs1975yearbook/chs1975yearbook-orig.pdf
chs1975yearbook	chs1975yearbook/chs1975yearbook.pdf
chs1978yearbook	chs1978yearbook/chs1978yearbook-orig.pdf
chs1978yearbook	chs1978yearbook/chs1978yearbook.pdf
chs50program	chs50program/chs50program.pdf
chssc_presskit_lang19760905	chssc_presskit_lang19760905/chssc_presskit_lang19760905.pdf
chuckclark_ccompany	chuckclark_ccompany/chuckclark_ccompany.pdf
citizen19880918	citizen19880918/citizen19880918.pdf
citizen19890503pt2	(other_bundle; no pdf)
city_otnsp_122205	city_otnsp_122205/city_otnsp_122205.pdf
clwa102517	clwa102517/clwa102517.pdf
clwa121317	clwa121317/clwa121317.pdf
clwa_scwd_2012	clwa_scwd_2012/clwa_scwd_2012.pdf
cm2001	(zoomify_image; no pdf)
cm9201	(zoomify_image; no pdf)
cms2001yearbook	cms2001yearbook/cms2001yearbook-orig.pdf
cms2001yearbook	cms2001yearbook/cms2001yearbook.pdf
cn1901	(zoomify_image; no pdf)
cn7101	cn7101/cn7101.pdf
cn7102	cn7102/cn7102-orig.pdf
cn7102	cn7102/cn7102.pdf
cn7103	cn7103/cn7103.pdf
cn7601	(zoomify_image; no pdf)
cn7701	cn7701/cn7701.pdf
cn7801	cn7801/cn7801.pdf
cn8002	(zoomify_image; no pdf)
cn8003	(zoomify_image; no pdf)
cn8004	(zoomify_image; no pdf)
cn9501	cn9501/cn9501.pdf
coc-40thanniversary	coc-40thanniversary/coc-40thanniversary.pdf
coc1973yearbook	coc1973yearbook/coc1973yearbook-orig.pdf
coc1973yearbook	coc1973yearbook/coc1973yearbook.pdf
coc1975yearbook	coc1975yearbook/coc1975yearbook.pdf
coc1976yearbook	coc1976yearbook/coc1976yearbook-orig.pdf
coc1976yearbook	coc1976yearbook/coc1976yearbook.pdf
coc1977yearbook	coc1977yearbook/coc1977yearbook-orig.pdf
coc1977yearbook	coc1977yearbook/coc1977yearbook.pdf
coc45years	coc45years/coc45years.pdf
cocannualreport2013	cocannualreport2013/cocannualreport2013.pdf
cocannualreport2014	cocannualreport2014/cocannualreport2014_orig.pdf
cocannualreport2015	cocannualreport2015/cocannualreport2015_orig.pdf
cocannualreport2016	cocannualreport2016/cocannualreport2016.pdf
cocannualreport2017	cocannualreport2017/cocannualreport2017.pdf
cocannualreport2018	cocannualreport2018/cocannualreport2018.pdf
coccanyoncall_fy19711972	coccanyoncall_fy19711972/coccanyoncall_fy19711972-orig.pdf
coccanyoncall_fy19711972	coccanyoncall_fy19711972/coccanyoncall_fy19711972.pdf
coccanyoncall_fy19721973	coccanyoncall_fy19721973/coccanyoncall_fy19721973-orig.pdf
coccanyoncall_fy19721973	coccanyoncall_fy19721973/coccanyoncall_fy19721973.pdf
coccanyoncall_fy19731974	coccanyoncall_fy19731974/coccanyoncall_fy19731974-orig.pdf
coccanyoncall_fy19731974	coccanyoncall_fy19731974/coccanyoncall_fy19731974.pdf
coccanyoncall_fy19741975	coccanyoncall_fy19741975/coccanyoncall_fy19741975-orig.pdf
coccanyoncall_fy19741975	coccanyoncall_fy19741975/coccanyoncall_fy19741975.pdf
coccanyoncall_fy19751976	coccanyoncall_fy19751976/coccanyoncall_fy19751976-orig.pdf
coccanyoncall_fy19751976	coccanyoncall_fy19751976/coccanyoncall_fy19751976.pdf
coccanyoncall_fy19761977	coccanyoncall_fy19761977/coccanyoncall_fy19761977-orig.pdf
coccanyoncall_fy19761977	coccanyoncall_fy19761977/coccanyoncall_fy19761977.pdf
coccanyoncall_fy19771978	coccanyoncall_fy19771978/coccanyoncall_fy19771978-orig.pdf
coccanyoncall_fy19771978	coccanyoncall_fy19771978/coccanyoncall_fy19771978.pdf
coccanyoncall_fy19781979	coccanyoncall_fy19781979/coccanyoncall_fy19781979-orig.pdf
coccanyoncall_fy19781979	coccanyoncall_fy19781979/coccanyoncall_fy19781979.pdf
cocedmasterplan20162022	cocedmasterplan20162022/cocedmasterplan20162022.pdf
cocfacilitiesmasterplan20172022	cocfacilitiesmasterplan20172022/cocfacilitiesmasterplan20172022.pdf
condor1920poorwill	condor1920poorwill/condor1920poorwill.pdf
congress071117	congress071117/congress071117.pdf
conlon1960_hart	conlon1960_hart/conlon1960_hart.pdf
cooksey1934	cooksey1934/cooksey1934.pdf
cp1702	(zoomify_image; no pdf)
cp19331935delinquency	cp19331935delinquency/1933-35 Hist'oRec&DelinqincyPrevention 1.pdf
cp19331935delinquency	cp19331935delinquency/1933-35 Hist'oRec&DelinqincyPrevention 10.pdf
cp19331935delinquency	cp19331935delinquency/1933-35 Hist'oRec&DelinqincyPrevention 11.pdf
cp19331935delinquency	cp19331935delinquency/1933-35 Hist'oRec&DelinqincyPrevention 12.pdf
cp19331935delinquency	cp19331935delinquency/1933-35 Hist'oRec&DelinqincyPrevention 13.pdf
cp19331935delinquency	cp19331935delinquency/1933-35 Hist'oRec&DelinqincyPrevention 14.pdf
cp19331935delinquency	cp19331935delinquency/1933-35 Hist'oRec&DelinqincyPrevention 15.pdf
cp19331935delinquency	cp19331935delinquency/1933-35 Hist'oRec&DelinqincyPrevention 16.pdf
cp19331935delinquency	cp19331935delinquency/1933-35 Hist'oRec&DelinqincyPrevention 17.pdf
cp19331935delinquency	cp19331935delinquency/1933-35 Hist'oRec&DelinqincyPrevention 18.pdf
cp19331935delinquency	cp19331935delinquency/1933-35 Hist'oRec&DelinqincyPrevention 19.pdf
cp19331935delinquency	cp19331935delinquency/1933-35 Hist'oRec&DelinqincyPrevention 19b.pdf
cp19331935delinquency	cp19331935delinquency/1933-35 Hist'oRec&DelinqincyPrevention 2.pdf
cp19331935delinquency	cp19331935delinquency/1933-35 Hist'oRec&DelinqincyPrevention 20.pdf
cp19331935delinquency	cp19331935delinquency/1933-35 Hist'oRec&DelinqincyPrevention 21.pdf
cp19331935delinquency	cp19331935delinquency/1933-35 Hist'oRec&DelinqincyPrevention 22.pdf
cp19331935delinquency	cp19331935delinquency/1933-35 Hist'oRec&DelinqincyPrevention 23.pdf
cp19331935delinquency	cp19331935delinquency/1933-35 Hist'oRec&DelinqincyPrevention 24.pdf
cp19331935delinquency	cp19331935delinquency/1933-35 Hist'oRec&DelinqincyPrevention 25.pdf
cp19331935delinquency	cp19331935delinquency/1933-35 Hist'oRec&DelinqincyPrevention 26.pdf
cp19331935delinquency	cp19331935delinquency/1933-35 Hist'oRec&DelinqincyPrevention 27.pdf
cp19331935delinquency	cp19331935delinquency/1933-35 Hist'oRec&DelinqincyPrevention 28.pdf
cp19331935delinquency	cp19331935delinquency/1933-35 Hist'oRec&DelinqincyPrevention 29.pdf
cp19331935delinquency	cp19331935delinquency/1933-35 Hist'oRec&DelinqincyPrevention 3.pdf
cp19331935delinquency	cp19331935delinquency/1933-35 Hist'oRec&DelinqincyPrevention 30.pdf
cp19331935delinquency	cp19331935delinquency/1933-35 Hist'oRec&DelinqincyPrevention 31.pdf
cp19331935delinquency	cp19331935delinquency/1933-35 Hist'oRec&DelinqincyPrevention 32.pdf
cp19331935delinquency	cp19331935delinquency/1933-35 Hist'oRec&DelinqincyPrevention 33.pdf
cp19331935delinquency	cp19331935delinquency/1933-35 Hist'oRec&DelinqincyPrevention 34.pdf
cp19331935delinquency	cp19331935delinquency/1933-35 Hist'oRec&DelinqincyPrevention 35.pdf
cp19331935delinquency	cp19331935delinquency/1933-35 Hist'oRec&DelinqincyPrevention 36.pdf
cp19331935delinquency	cp19331935delinquency/1933-35 Hist'oRec&DelinqincyPrevention 37.pdf
cp19331935delinquency	cp19331935delinquency/1933-35 Hist'oRec&DelinqincyPrevention 38.pdf
cp19331935delinquency	cp19331935delinquency/1933-35 Hist'oRec&DelinqincyPrevention 39.pdf
cp19331935delinquency	cp19331935delinquency/1933-35 Hist'oRec&DelinqincyPrevention 4.pdf
cp19331935delinquency	cp19331935delinquency/1933-35 Hist'oRec&DelinqincyPrevention 40.pdf
cp19331935delinquency	cp19331935delinquency/1933-35 Hist'oRec&DelinqincyPrevention 41.pdf
cp19331935delinquency	cp19331935delinquency/1933-35 Hist'oRec&DelinqincyPrevention 42.pdf
cp19331935delinquency	cp19331935delinquency/1933-35 Hist'oRec&DelinqincyPrevention 43.pdf
cp19331935delinquency	cp19331935delinquency/1933-35 Hist'oRec&DelinqincyPrevention 44.pdf
cp19331935delinquency	cp19331935delinquency/1933-35 Hist'oRec&DelinqincyPrevention 45.pdf
cp19331935delinquency	cp19331935delinquency/1933-35 Hist'oRec&DelinqincyPrevention 46.pdf
cp19331935delinquency	cp19331935delinquency/1933-35 Hist'oRec&DelinqincyPrevention 47.pdf
cp19331935delinquency	cp19331935delinquency/1933-35 Hist'oRec&DelinqincyPrevention 48.pdf
cp19331935delinquency	cp19331935delinquency/1933-35 Hist'oRec&DelinqincyPrevention 49.pdf
cp19331935delinquency	cp19331935delinquency/1933-35 Hist'oRec&DelinqincyPrevention 5.pdf
cp19331935delinquency	cp19331935delinquency/1933-35 Hist'oRec&DelinqincyPrevention 50.pdf
cp19331935delinquency	cp19331935delinquency/1933-35 Hist'oRec&DelinqincyPrevention 51.pdf
cp19331935delinquency	cp19331935delinquency/1933-35 Hist'oRec&DelinqincyPrevention 52.pdf
cp19331935delinquency	cp19331935delinquency/1933-35 Hist'oRec&DelinqincyPrevention 53.pdf
cp19331935delinquency	cp19331935delinquency/1933-35 Hist'oRec&DelinqincyPrevention 54.pdf
cp19331935delinquency	cp19331935delinquency/1933-35 Hist'oRec&DelinqincyPrevention 55.pdf
cp19331935delinquency	cp19331935delinquency/1933-35 Hist'oRec&DelinqincyPrevention 56.pdf
cp19331935delinquency	cp19331935delinquency/1933-35 Hist'oRec&DelinqincyPrevention 57.pdf
cp19331935delinquency	cp19331935delinquency/1933-35 Hist'oRec&DelinqincyPrevention 58.pdf
cp19331935delinquency	cp19331935delinquency/1933-35 Hist'oRec&DelinqincyPrevention 59.pdf
cp19331935delinquency	cp19331935delinquency/1933-35 Hist'oRec&DelinqincyPrevention 6.pdf
cp19331935delinquency	cp19331935delinquency/1933-35 Hist'oRec&DelinqincyPrevention 60.pdf
cp19331935delinquency	cp19331935delinquency/1933-35 Hist'oRec&DelinqincyPrevention 61.pdf
cp19331935delinquency	cp19331935delinquency/1933-35 Hist'oRec&DelinqincyPrevention 62.pdf
cp19331935delinquency	cp19331935delinquency/1933-35 Hist'oRec&DelinqincyPrevention 63.pdf
cp19331935delinquency	cp19331935delinquency/1933-35 Hist'oRec&DelinqincyPrevention 64.pdf
cp19331935delinquency	cp19331935delinquency/1933-35 Hist'oRec&DelinqincyPrevention 65.pdf
cp19331935delinquency	cp19331935delinquency/1933-35 Hist'oRec&DelinqincyPrevention 66.pdf
cp19331935delinquency	cp19331935delinquency/1933-35 Hist'oRec&DelinqincyPrevention 67.pdf
cp19331935delinquency	cp19331935delinquency/1933-35 Hist'oRec&DelinqincyPrevention 68.pdf
cp19331935delinquency	cp19331935delinquency/1933-35 Hist'oRec&DelinqincyPrevention 7.pdf
cp19331935delinquency	cp19331935delinquency/1933-35 Hist'oRec&DelinqincyPrevention 8.pdf
cp19331935delinquency	cp19331935delinquency/1933-35 Hist'oRec&DelinqincyPrevention 9.pdf
cp19331935delinquency	cp19331935delinquency/cp19331935delinquency.pdf
cp19440909	cp19440909/cp19440909.pdf
cp19910801	cp19910801/cp19910801.pdf
cp3906	cp3906/cp3906.pdf
cullimore_oldadobes	cullimore_oldadobes/cullimore_oldadobes.pdf
cw8601factsheet	cw8601factsheet/cw8601factsheet.pdf
cw9901	cw9901/cw9901.pdf
dalbey1933	dalbey1933/dalbey1933.pdf
danhon_parade1988	danhon_parade1988/danhon_parade1988.pdf
delcastillo1980	delcastillo1980/delcastillo1980.pdf
delvalleco1920april	delvalleco1920april/delvalleco1920april.pdf
delvalleco1920august	delvalleco1920august/delvalleco1920august.pdf
delvalleco1920december	delvalleco1920december/delvalleco1920december.pdf
delvalleco1920february	delvalleco1920february/delvalleco1920february.pdf
delvalleco1920january	(other_bundle; no pdf)
delvalleco1920july	delvalleco1920july/delvalleco1920july.pdf
delvalleco1920june	delvalleco1920june/delvalleco1920june.pdf
delvalleco1920march	delvalleco1920march/delvalleco1920march.pdf
delvalleco1920may	delvalleco1920may/delvalleco1920may.pdf
delvalleco1920november	delvalleco1920november/delvalleco1920november.pdf
delvalleco1920october	delvalleco1920october/delvalleco1920october.pdf
delvalleco1920september	delvalleco1920september/delvalleco1920september.pdf
delvalleco1921april	delvalleco1921april/delvalleco1921april.pdf
delvalleco1921august	delvalleco1921august/delvalleco1921august.pdf
delvalleco1921december	delvalleco1921december/delvalleco1921december.pdf
delvalleco1921february	delvalleco1921february/delvalleco1921february.pdf
delvalleco1921january	delvalleco1921january/delvalleco1921january.pdf
delvalleco1921july	delvalleco1921july/delvalleco1921july.pdf
delvalleco1921june	delvalleco1921june/delvalleco1921june.pdf
delvalleco1921march	delvalleco1921march/delvalleco1921march.pdf
delvalleco1921may	delvalleco1921may/delvalleco1921may.pdf
delvalleco1921november	delvalleco1921november/delvalleco1921november.pdf
delvalleco1921october	delvalleco1921october/delvalleco1921october.pdf
delvalleco1921september	delvalleco1921september/delvalleco1921september.pdf
delvalleco1922april	delvalleco1922april/delvalleco1922april.pdf
delvalleco1922august	delvalleco1922august/delvalleco1922august.pdf
delvalleco1922december	delvalleco1922december/delvalleco1922december.pdf
delvalleco1922february	delvalleco1922february/delvalleco1922february.pdf
delvalleco1922january	delvalleco1922january/delvalleco1922january.pdf
delvalleco1922july	delvalleco1922july/delvalleco1922july.pdf
delvalleco1922june	delvalleco1922june/delvalleco1922june.pdf
delvalleco1922march	delvalleco1922march/delvalleco1922march.pdf
delvalleco1922may	delvalleco1922may/delvalleco1922may.pdf
delvalleco1922november	delvalleco1922november/delvalleco1922november.pdf
delvalleco1922october	delvalleco1922october/delvalleco1922october.pdf
delvalleco1922september	delvalleco1922september/delvalleco1922september.pdf
delvalleco1923april	delvalleco1923april/delvalleco1923april.pdf
delvalleco1923august	delvalleco1923august/delvalleco1923august.pdf
delvalleco1923december	delvalleco1923december/delvalleco1923december.pdf
delvalleco1923february	delvalleco1923february/delvalleco1923february.pdf
delvalleco1923january	delvalleco1923january/delvalleco1923january.pdf
delvalleco1923july	delvalleco1923july/delvalleco1923july.pdf
delvalleco1923june	delvalleco1923june/delvalleco1923june.pdf
delvalleco1923march	delvalleco1923march/delvalleco1923march.pdf
delvalleco1923may	delvalleco1923may/delvalleco1923may.pdf
delvalleco1923november	delvalleco1923november/delvalleco1923november.pdf
delvalleco1923october	delvalleco1923october/delvalleco1923october.pdf
delvalleco1923september	delvalleco1923september/delvalleco1923september.pdf
delvalleco1923vccoop	delvalleco1923vccoop/delvalleco1923vccoop.pdf
delvalleco1924april	delvalleco1924april/delvalleco1924april.pdf
delvalleco1924february	delvalleco1924february/delvalleco1924february.pdf
di1201	(zoomify_image; no pdf)
di2201	(zoomify_image; no pdf)
dm20200409	(zoomify_image; no pdf)
doi_historicproperties2017	doi_historicproperties2017/doi_historicproperties2017.pdf
doi_landscapemaintenance1998	doi_landscapemaintenance1998/doi_landscapemaintenance1998.pdf
doi_preservationbrief15	doi_preservationbrief15/doi_preservationbrief15.pdf
doi_preservationbrief36	doi_preservationbrief36/doi_preservationbrief36.pdf
doi_preservationbrief48	doi_preservationbrief48/doi_preservationbrief48.pdf
dort1948	dort1948/dort1948.pdf
dtsc0817	dtsc0817/dtsc0817.pdf
ec1801	ec1801/ec1801.pdf
edwards1947	edwards1947/edwards1947.pdf
elitemag2020febmar_ravirajan	elitemag2020febmar_ravirajan/elitemag2020febmar_ravirajan.pdf
elizondo1953	elizondo1953/elizondo1953.pdf
elsasser_bowerscave	elsasser_bowerscave/elsasser_bowerscave.pdf
elsmere0584	elsmere0584/elsmere0584.pdf
eternalvalley1958	eternalvalley1958/eternalvalley1958.pdf
eternalvalley1969	eternalvalley1969/eternalvalley1969.pdf
favim3303	favim3303/favim3303.pdf
favim3504	favim3504/favim3504.pdf
favim3601	favim3601/favim3601.pdf
fc2101	(zoomify_image; no pdf)
fc2401	(zoomify_image; no pdf)
fecm201920winter	fecm201920winter/fecm201920winter.pdf
fh8101	fh8101/fh8101.pdf
fillmore1930yearbook	fillmore1930yearbook/fillmore1930yearbook.pdf
firstpresbyterian1976cookbook	firstpresbyterian1976cookbook/firstpresbyterian1976cookbook.pdf
flint1939	flint1939/flint1939.pdf
florencemerriambailey1907	florencemerriambailey1907/florencemerriambailey1907-orig.pdf
florencemerriambailey1907	florencemerriambailey1907/florencemerriambailey1907.pdf
forttejonparkinventory2015	forttejonparkinventory2015/forttejonparkinventory2015.pdf
fwry1991-2010	fwry1991-2010/fwry1991-2010.pdf
gateking051309	gateking051309/gateking051309.pdf
getty1994earthquake_camulos	getty1994earthquake_camulos/getty1994earthquake_camulos.pdf
gf6001	gf6001/gf6001.pdf
gillibrand1991eis	gillibrand1991eis/126.pdf
gillibrand1991eis	gillibrand1991eis/127.pdf
gillibrand1991eis	gillibrand1991eis/gillibrand1991eis.pdf
golden-spike-centennial-program	golden-spike-centennial-program/golden-spike-centennial-program.pdf
gracebaptist1973cookbook	gracebaptist1973cookbook/gracebaptist1973cookbook.pdf
gt8701	(zoomify_image; no pdf)
gt8702	(zoomify_image; no pdf)
gt8703	(zoomify_image; no pdf)
gt8803	(zoomify_image; no pdf)
gudgeon1949	gudgeon1949/gudgeon1949.pdf
guestbook_1999-2006	(other_bundle; no pdf)
gundigest20130506	gundigest20130506/gundigest20130506.pdf
gvbridge_ea2008	gvbridge_ea2008/gvbridge_ea2008.pdf
gvbridge_ea2008	gvbridge_ea2008/gvbridge_ea2008_orig.pdf
gvhs2010yearbook	gvhs2010yearbook/gvhs2010yearbook.pdf
gvhs2011yearbook	gvhs2011yearbook/gvhs2011yearbook-ebook.pdf
gvhs2011yearbook	gvhs2011yearbook/gvhs2011yearbook-orig.pdf
gvhs2011yearbook	gvhs2011yearbook/gvhs2011yearbook.pdf
harrisonscott2004	harrisonscott2004/harrisonscott2004.pdf
hart1950yearbook	hart1950yearbook/hart1950yearbook-orig.pdf
hart1950yearbook	hart1950yearbook/hart1950yearbook.pdf
hart1951yearbook	hart1951yearbook/hart1951yearbook-orig.pdf
hart1951yearbook	hart1951yearbook/hart1951yearbook.pdf
hart1952yearbook	hart1952yearbook/hart1952yearbook-orig.pdf
hart1952yearbook	hart1952yearbook/hart1952yearbook.pdf
hart1953yearbook	hart1953yearbook/hart1953yearbook-orig.pdf
hart1953yearbook	hart1953yearbook/hart1953yearbook.pdf
hart1954yearbook	hart1954yearbook/hart1954yearbook-orig.pdf
hart1954yearbook	hart1954yearbook/hart1954yearbook.pdf
hart1955yearbook	hart1955yearbook/hart1955yearbook-orig.pdf
hart1955yearbook	hart1955yearbook/hart1955yearbook.pdf
hart1956yearbook	hart1956yearbook/hart1956yearbook-orig.pdf
hart1956yearbook	hart1956yearbook/hart1956yearbook.pdf
hart1957yearbook	hart1957yearbook/hart1957yearbook-orig.pdf
hart1957yearbook	hart1957yearbook/hart1957yearbook.pdf
hart1958graduation	hart1958graduation/hart1958graduation.pdf
hart1958yearbook	hart1958yearbook/hart1958yearbook-orig.pdf
hart1958yearbook	hart1958yearbook/hart1958yearbook.pdf
hart1959yearbook	hart1959yearbook/hart1959yearbook-orig.pdf
hart1959yearbook	hart1959yearbook/hart1959yearbook.pdf
hart1960tomahawk	hart1960tomahawk/hart1960tomahawk-orig.pdf
hart1960tomahawk	hart1960tomahawk/hart1960tomahawk.pdf
hart1961yearbook	hart1961yearbook/hart1961yearbook-orig.pdf
hart1961yearbook	hart1961yearbook/hart1961yearbook.pdf
hart1962yearbook	hart1962yearbook/hart1962yearbook-orig.pdf
hart1962yearbook	hart1962yearbook/hart1962yearbook.pdf
hart1963yearbook	hart1963yearbook/hart1963yearbook-orig.pdf
hart1963yearbook	hart1963yearbook/hart1963yearbook.pdf
hart1964yearbook	hart1964yearbook/hart1964yearbook-orig.pdf
hart1964yearbook	hart1964yearbook/hart1964yearbook.pdf
hart1965yearbook	hart1965yearbook/hart1965yearbook-orig.pdf
hart1965yearbook	hart1965yearbook/hart1965yearbook.pdf
hart1966yearbook	hart1966yearbook/hart1966yearbook-orig.pdf
hart1966yearbook	hart1966yearbook/hart1966yearbook.pdf
hart1967yearbook	hart1967yearbook/hart1967yearbook-orig.pdf
hart1967yearbook	hart1967yearbook/hart1967yearbook.pdf
hart1968yearbook	hart1968yearbook/hart1968yearbook-orig.pdf
hart1968yearbook	hart1968yearbook/hart1968yearbook.pdf
hart1969commencement	hart1969commencement/hart1969commencement.pdf
hart1969reunion10	hart1969reunion10/hart1969reunion10.pdf
hart1969yearbook	hart1969yearbook/hart1969yearbook-orig.pdf
hart1969yearbook	hart1969yearbook/hart1969yearbook.pdf
hart1971yearbook	hart1971yearbook/hart1971yearbook-orig.pdf
hart1971yearbook	hart1971yearbook/hart1971yearbook.pdf
hart1972yearbook	hart1972yearbook/hart1972yearbook-orig.pdf
hart1972yearbook	hart1972yearbook/hart1972yearbook.pdf
hart1973yearbook	hart1973yearbook/hart1973yearbook-orig.pdf
hart1973yearbook	hart1973yearbook/hart1973yearbook.pdf
hart1974yearbook	hart1974yearbook/hart1974yearbook-orig.pdf
hart1974yearbook	hart1974yearbook/hart1974yearbook.pdf
hart1976yearbook	hart1976yearbook/hart1976yearbook-orig.pdf
hart1976yearbook	hart1976yearbook/hart1976yearbook.pdf
hart1978yearbook	hart1978yearbook/hart1978yearbook-orig.pdf
hart1978yearbook	hart1978yearbook/hart1978yearbook.pdf
hart19791999reunion	hart19791999reunion/hart19791999reunion.pdf
hart1979yearbook	hart1979yearbook/hart1979yearbook-orig.pdf
hart1979yearbook	hart1979yearbook/hart1979yearbook.pdf
hart1980yearbook	hart1980yearbook/hart1980yearbook-orig.pdf
hart1980yearbook	hart1980yearbook/hart1980yearbook.pdf
hart1981yearbook	hart1981yearbook/hart1981yearbook-orig.pdf
hart1981yearbook	hart1981yearbook/hart1981yearbook.pdf
hart1982yearbook	hart1982yearbook/hart1982yearbook-ebook.pdf
hart1982yearbook	hart1982yearbook/hart1982yearbook-orig.pdf
hart1982yearbook	hart1982yearbook/hart1982yearbook.pdf
hart1984yearbook	hart1984yearbook/hart1984yearbook-orig.pdf
hart1984yearbook	hart1984yearbook/hart1984yearbook.pdf
hart1986yearbook	hart1986yearbook/hart1986yearbook-orig.pdf
hart1986yearbook	hart1986yearbook/hart1986yearbook.pdf
hart1987yearbook	hart1987yearbook/hart1987yearbook-orig.pdf
hart1987yearbook	hart1987yearbook/hart1987yearbook.pdf
hart1988commencement	hart1988commencement/hart1988commencement.pdf
harthigh_may1952	harthigh_may1952/harthigh_may1952.pdf
hartmuseumtimeline19581988	hartmuseumtimeline19581988/BOS SOP 06-24-1986.pdf
hartmuseumtimeline19581988	hartmuseumtimeline19581988/BOS SOP_1-13-1987.pdf
hartmuseumtimeline19581988	hartmuseumtimeline19581988/BOS SOP_12-16-1986.pdf
hartmuseumtimeline19581988	hartmuseumtimeline19581988/BOS SOP_12-9-1986.pdf
hartmuseumtimeline19581988	hartmuseumtimeline19581988/BOS-Minutes06-24-1986.pdf
hartmuseumtimeline19581988	hartmuseumtimeline19581988/CAO memo 12-12-1986.pdf
hartmuseumtimeline19581988	hartmuseumtimeline19581988/FOHP Agreement - 1989.pdf
hartmuseumtimeline19581988	hartmuseumtimeline19581988/FOHP Bi-Laws.pdf
hartmuseumtimeline19581988	hartmuseumtimeline19581988/FOHP Internal Revenue Service.pdf
hartmuseumtimeline19581988	hartmuseumtimeline19581988/NHMresponsability-02-1991.pdf
hartmuseumtimeline19581988	hartmuseumtimeline19581988/Operating Policy-NHM 01-10-1989.pdf
hartmuseumtimeline19581988	hartmuseumtimeline19581988/hartmuseumtimeline19581988.pdf
hartvhart1924	hartvhart1924/hartvhart1924.pdf
hb1403	(zoomify_image; no pdf)
hb1404	(zoomify_image; no pdf)
hb1710	(zoomify_image; no pdf)
hb1713	(zoomify_image; no pdf)
hb1713_2	hb1713_2/hb1713_2.pdf
hb1715	(zoomify_image; no pdf)
hb1804	(zoomify_image; no pdf)
hb1806	hb1806/hb1806.pdf
hb1809	(zoomify_image; no pdf)
hb1810	hb1810/hb1810.pdf
hb1811	hb1811/hb1811.pdf
hb1812	hb1812/hb1812.pdf
hb1813	hb1813/hb1813.pdf
hb1814	hb1814/hb1814.pdf
hb1815	hb1815/hb1815.pdf
hb1816	hb1816/hb1816.pdf
hb1817	hb1817/hb1817.pdf
hb1818	hb1818/hb1818.pdf
hb1819	hb1819/hb1819.pdf
hb1820	hb1820/hb1820.pdf
hb1821	hb1821/hb1821.pdf
hb1822	hb1822/hb1822.pdf
hb1823	hb1823/hb1823.pdf
hb1826	hb1826/hb1826.pdf
hb1827	hb1827/hb1827.pdf
hb1828	hb1828/hb1828.pdf
hb1829	(zoomify_image; no pdf)
hb1830	(zoomify_image; no pdf)
hb1831	hb1831/hb1831.pdf
hb1902	(zoomify_image; no pdf)
hb1903	hb1903/hb1903.pdf
hb1905	(zoomify_image; no pdf)
hb1906	(zoomify_image; no pdf)
hb1906_docs	hb1906_docs/hb1906_docs.pdf
hb2001	(zoomify_image; no pdf)
hb2003	(zoomify_image; no pdf)
hb3802	hb3802/hb3802.pdf
hb5701	hb5701/hb5701-ebook.pdf
hb5701	hb5701/hb5701-orig.pdf
hb5701	hb5701/hb5701.pdf
hb5801	hb5801/hb5801-orig.pdf
hb5801	hb5801/hb5801.pdf
hb6101	hb6101/hb6101.pdf
hb6201	(zoomify_image; no pdf)
hb6301	(zoomify_image; no pdf)
hb6601	(zoomify_image; no pdf)
hb7503	(zoomify_image; no pdf)
hb7601	(zoomify_image; no pdf)
hb7801	(zoomify_image; no pdf)
hb8401	(other_bundle; no pdf)
hg5201	hg5201/hg5201.pdf
hg5801	(zoomify_image; no pdf)
hg5901	(zoomify_image; no pdf)
hmnmhauxiliaryscrapbook	hmnmhauxiliaryscrapbook/hmnmhauxiliaryscrapbook.pdf
honbycookbook1970s	honbycookbook1970s/honbycookbook1970s.pdf
hr2156_2017	hr2156_2017/hr2156_2017.pdf
hr2156_20181114	hr2156_20181114/hr2156_20181114.pdf
hr2156substitute20181002	hr2156substitute20181002/hr2156substitute20181002.pdf
hs1002	hs1002/hs1002.pdf
hs1802	(zoomify_image; no pdf)
hs1803	(zoomify_image; no pdf)
hs1987child	hs1987child/hs1987child.pdf
hs20020917	hs20020917/hs20020917.pdf
hs20060713pardee	(zoomify_image; no pdf)
hs20190407_gallery	(zoomify_image; no pdf)
hs5502	hs5502/hs5502.pdf
hs5802	hs5802/hs5802.pdf
hs6006	hs6006/hs6006.pdf
hs7044	(zoomify_image; no pdf)
hs7050	(zoomify_image; no pdf)
hs7501	hs7501/hs7501.pdf
hs7701	hs7701/hs7701.pdf
hs7801	hs7801/hs7801.pdf
hs7802	hs7802/hs7802-orig.pdf
hs7802	hs7802/hs7802.pdf
hs7803	hs7803/hs7803-orig.pdf
hs7803	hs7803/hs7803.pdf
hs7804	hs7804/hs7804-orig.pdf
hs7804	hs7804/hs7804.pdf
hs7904	(zoomify_image; no pdf)
hs8001	(zoomify_image; no pdf)
hs8004	hs8004/hs8004.pdf
hs8202	hs8202/hs8202.pdf
hs8601	hs8601/hs8601.pdf
hs8704	hs8704/hs8704.pdf
hs8705	hs8705/hs8705.pdf
hs9005	(zoomify_image; no pdf)
hs9032	hs9032/hs9032.pdf
hs9034	(zoomify_image; no pdf)
hs9035	(zoomify_image; no pdf)
hs9101	hs9101/hs9101.pdf
hs9201	hs9201/hs9201.pdf
hs9701	hs9701/hs9701.pdf
hs9907	(zoomify_image; no pdf)
hs_oldroadbridge2018	hs_oldroadbridge2018/hs_oldroadbridge2018.pdf
hs_parade19680704book	hs_parade19680704book/hs_parade19680704book.pdf
hs_valverde_history_1960	hs_valverde_history_1960/hs_valverde_history_1960.pdf
hs_vtc_art_1992	hs_vtc_art_1992/hs_vtc_art_1992.pdf
hssc1906jenkins	hssc1906jenkins/hssc1906jenkins.pdf
hssc1928belderrain	hssc1928belderrain/hssc1928belderrain.pdf
hssc1929parks	hssc1929parks/hssc1929parks.pdf
ionereed	ionereed/popularmechanics193811ionereed.pdf
jauregui_popmechanics0635	jauregui_popmechanics0635/jauregui_popmechanics0635.pdf
jci40underforty2019	jci40underforty2019/jci40underforty2019.pdf
jd4801	jd4801/jd4801.pdf
jd7501	jd7501/jd7501.pdf
jd7902	(zoomify_image; no pdf)
jd8001	(zoomify_image; no pdf)
jd8002	jd8002/jd8002.pdf
jd8003	jd8003/jd8003.pdf
jd8301	(zoomify_image; no pdf)
jd8302	jd8302/jd8302.pdf
jd8402	jd8402/jd8402.pdf
jd8502	jd8502/jd8502.pdf
jd8701	jd8701/jd8701.pdf
jd9002	(zoomify_image; no pdf)
jd9101	(zoomify_image; no pdf)
jd_familyalbum	(zoomify_image; no pdf)
jdrogers2017aa	jdrogers2017aa/Who designed the ill-fated St. Francis Dam.pdf
jdrogers2017aa	jdrogers2017aa/jdrogers2017aa.pdf
jdrogers2017ab	jdrogers2017ab/jdrogers2017ab.pdf
jdrogers2017ba	jdrogers2017ba/William Mulholland.pdf
jdrogers2017ba	jdrogers2017ba/jdrogers2017ba.pdf
jdrogers2017bb	jdrogers2017bb/jdrogers2017bb.pdf
jimharris102112	(zoomify_image; no pdf)
jo6701	(zoomify_image; no pdf)
jrwomensclub1980scookbook	jrwomensclub1980scookbook/jrwomensclub1980scookbook.pdf
jv0101	(zoomify_image; no pdf)
kappbook2020	kappbook2020/kappbook2020.pdf
kessel1950	kessel1950/kessel1950.pdf
la3701	la3701/la3701_key.pdf
labpsc1923annual	labpsc1923annual/labpsc1923annual.pdf
labwp1929annual	labwp1929annual/labwp1929annual.pdf
laco_castaiclake111869	laco_castaiclake111869/laco_castaiclake111869.pdf
laco_cemexpermit060204	(other_bundle; no pdf)
laco_ovov_final_2010	laco_ovov_final_2010/laco_ovov_final_2010.pdf
laco_unifiedhousenumbering	laco_unifiedhousenumbering/laco_unifiedhousenumbering.pdf
laconservancy2008	laconservancy2008/laconservancy2008.pdf
laconservancy2014	laconservancy2014/laconservancy2014.pdf
ladwp_kinsey1932	ladwp_kinsey1932/ladwp_kinsey1932.pdf
laedc_scrra_score_20191031	laedc_scrra_score_20191031/laedc_scrra_score_20191031.pdf
laexaminer19421201	laexaminer19421201/laexaminer19421201_files/laexaminer19421201.pdf
lareina1929	lareina1929/lareina1929-orig.pdf
lareina1929	lareina1929/lareina1929.pdf
larwqcb20110404sos	larwqcb20110404sos/larwqcb20110404sos.pdf
larwqcb20160316sos	larwqcb20160316sos/larwqcb20160316sos.pdf
lat19360719hart	(other_bundle; no pdf)
lat19380303	(other_bundle; no pdf)
lat19691228kapp	lat19691228kapp/lat19691228kapp.pdf
lentini2016	(zoomify_image; no pdf)
lopezrobert1974	lopezrobert1974/lopezrobert1974.pdf
lp1502	(zoomify_image; no pdf)
lp1801	(zoomify_image; no pdf)
ls1901a	(zoomify_image; no pdf)
ls1901b	(zoomify_image; no pdf)
ls1901c	(zoomify_image; no pdf)
ls1901d	(zoomify_image; no pdf)
ls20190503mwoty	(zoomify_image; no pdf)
ls20190601bgclub	(zoomify_image; no pdf)
lw031106	(zoomify_image; no pdf)
lw1501	(zoomify_image; no pdf)
lw2099	(zoomify_image; no pdf)
lw2214	(zoomify_image; no pdf)
lw2244	(zoomify_image; no pdf)
lw2248	(zoomify_image; no pdf)
lw2969	(other_bundle; no pdf)
lw2972	(other_bundle; no pdf)
lw2973	(other_bundle; no pdf)
lw2974	(zoomify_image; no pdf)
lw2977	(zoomify_image; no pdf)
lw2978	(zoomify_image; no pdf)
lw2979	(zoomify_image; no pdf)
lw2980	(zoomify_image; no pdf)
lw2981	(zoomify_image; no pdf)
lw2992	lw2992/lw2992.pdf
lw2993	lw2993/lw2993.pdf
lw2994	(zoomify_image; no pdf)
lw3007	lw3007/lw3007.pdf
lw3014	(zoomify_image; no pdf)
lw3017	(zoomify_image; no pdf)
lw3025	lw3025/lw3025.pdf
lw3027	lw3027/lw3027.pdf
lw3028	lw3028/lw3028.pdf
lw3029	lw3029/lw3029.pdf
lw3030	lw3030/lw3030.pdf
lw3031	lw3031/lw3031.pdf
lw3037	(zoomify_image; no pdf)
lw3038	(zoomify_image; no pdf)
lw3046	(zoomify_image; no pdf)
lw3047	(zoomify_image; no pdf)
lw3048	(zoomify_image; no pdf)
lw3059	lw3059/lw3059.pdf
lw3060	lw3060/lw3060.pdf
lw3061	lw3061/lw3061.pdf
lw3066	lw3066/lw3066.pdf
lw3070	lw3070/lw3070.pdf
lw3071	lw3071/lw3071.pdf
lw3072	lw3072/lw3072.pdf
lw3074	lw3074/lw3074.pdf
lw3075	lw3075/lw3075.pdf
lw3076	(zoomify_image; no pdf)
lw3078	lw3078/lw3078.pdf
lw3086	lw3086/lw3086.pdf
lw3095	lw3095/phillipsranch_re1.pdf
lw3095	lw3095/phillipsranch_re2.pdf
lw3095	lw3095/phillipsranch_re3.pdf
lw3095	lw3095/phillipsranch_re4.pdf
lw3095	lw3095/phillipsranch_re5.pdf
lw3095	lw3095/phillipsranch_re6.pdf
lw3097	lw3097/lw3097.pdf
lw3102	(zoomify_image; no pdf)
lw3103	lw3103/lw3103.pdf
lw3104	lw3104/lw3104.pdf
lw3117	(zoomify_image; no pdf)
lw3118	(zoomify_image; no pdf)
lw3122	lw3122/lw3122.pdf
lw3134	lw3134/lw3134.pdf
lw3135	(zoomify_image; no pdf)
lw3136	(zoomify_image; no pdf)
lw3137_	(zoomify_image; no pdf)
lw3139	(zoomify_image; no pdf)
lw3140	(zoomify_image; no pdf)
lw3149	lw3149/lw3149.pdf
lw3162	lw3162/lw3162.pdf
lw3163	lw3163/lw3163.pdf
lw3164	lw3164/lw3164.pdf
lw3187	lw3187/lw3187.pdf
lw3191	(zoomify_image; no pdf)
lw3197	lw3197/lw3197.pdf
lw3198	lw3198/lw3198.pdf
lw3199	lw3199/lw3199.pdf
lw3200	(zoomify_image; no pdf)
lw3200b	(other_bundle; no pdf)
lw3216	lw3216/lw3216.pdf
lw3217	lw3217/lw3217.pdf
lw3219	(zoomify_image; no pdf)
lw3222	(other_bundle; no pdf)
lw3247	(zoomify_image; no pdf)
lw3253	lw3253/lw3253.pdf
lw3254	lw3254/lw3254.pdf
lw3257	(zoomify_image; no pdf)
lw3265	lw3265/lw3265.pdf
lw3267	(zoomify_image; no pdf)
lw3268	(zoomify_image; no pdf)
lw3273	lw3273/lw3273.pdf
lw3274	lw3274/lw3274.pdf
lw3284	(zoomify_image; no pdf)
lw3299	(zoomify_image; no pdf)
lw3301	lw3301/lw3301.pdf
lw3302	(zoomify_image; no pdf)
lw3306	(zoomify_image; no pdf)
lw3308	lw3308/lw3308.pdf
lw3311	lw3311/lw3311.pdf
lw3312	lw3312/lw3312.pdf
lw3316	lw3316/lw3316.pdf
lw3325	(zoomify_image; no pdf)
lw3331	lw3331/lw3331.pdf
lw3332	(other_bundle; no pdf)
lw3355	lw3355/lw3355.pdf
lw3356	lw3356/lw3356.pdf
lw3356	lw3356/two002.pdf
lw3359	(zoomify_image; no pdf)
lw3360	lw3360/lw3360.pdf
lw3361	lw3361/lw3361.pdf
lw3365	lw3365/Binder1.pdf
lw3365	lw3365/lw3365.pdf
lw3367	lw3367/lw3367.pdf
lw3368	(zoomify_image; no pdf)
lw3383	lw3383/lw3383.pdf
lw3386	(zoomify_image; no pdf)
lw3389	lw3389/lw3389.pdf
lw3390	lw3390/lw3390.pdf
lw3392	(zoomify_image; no pdf)
lw3392b	(zoomify_image; no pdf)
lw3393	lw3393/lw3393.pdf
lw3394	lw3394/lw3394.pdf
lw3398	lw3398/lw3398.pdf
lw3402	(zoomify_image; no pdf)
lw3403	lw3403/lw3403.pdf
lw3404	lw3404/lw3404.pdf
lw3412	lw3412/lw3412.pdf
lw3413	lw3413/lw3413.pdf
lw3417	(zoomify_image; no pdf)
lw3434	lw3434/lw3434.pdf
lw3435	(zoomify_image; no pdf)
lw3437	lw3437/lw3437.pdf
lw3440	(zoomify_image; no pdf)
lw3441	(zoomify_image; no pdf)
lw3443	lw3443/lw3443.pdf
lw3446	(zoomify_image; no pdf)
lw3447	(zoomify_image; no pdf)
lw3448	(zoomify_image; no pdf)
lw3451	(zoomify_image; no pdf)
lw3453	lw3453/lw3453.pdf
lw3457	(zoomify_image; no pdf)
lw3458	lw3458/lw3458.pdf
lw3473	(zoomify_image; no pdf)
lw3476	lw3476/lw3476.pdf
lw3481	lw3481/lw3481.pdf
lw3482	lw3482/lw3482.pdf
lw3487	(zoomify_image; no pdf)
lw3493	(zoomify_image; no pdf)
lw3494	(zoomify_image; no pdf)
lw3496	(zoomify_image; no pdf)
lw3503	(other_bundle; no pdf)
lw3505	lw3505/lw3505.pdf
lw3513	lw3513/lw3513.pdf
lw3516	lw3516/lw3516.pdf
lw3517	lw3517/lw3517.pdf
lw3518	lw3518/lw3518.pdf
lw3520	lw3520/lw3520.pdf
lw3521	lw3521/lw3521.pdf
lw3522	(zoomify_image; no pdf)
lw3530	lw3530/lw3530.pdf
lw3531	lw3531/lw3531.pdf
lw3534	lw3534/lw3534.pdf
lw3536	lw3536/lw3536.pdf
lw3537	lw3537/lw3537.pdf
lw3538	(zoomify_image; no pdf)
lw3541	(other_bundle; no pdf)
lw3543	(zoomify_image; no pdf)
lw3545	lw3545/lw3545.pdf
lw3550	(zoomify_image; no pdf)
lw3552	(zoomify_image; no pdf)
lw3558	(zoomify_image; no pdf)
lw3563	lw3563/lw3563.pdf
lw3566	(zoomify_image; no pdf)
lw3567	lw3567/lw3567.pdf
lw3569	lw3569/lw3569.pdf
lw3572	lw3572/lw3572.pdf
lw3573	(zoomify_image; no pdf)
lw3576	lw3576/lw3576.pdf
lw3578	lw3578/lw3578.pdf
lw3579	lw3579/lw3579.pdf
lw3585	(zoomify_image; no pdf)
lw3586	lw3586/lw3586.pdf
lw3587	lw3587/lw3587.pdf
lw3596	(zoomify_image; no pdf)
lw3598	lw3598/lw3598.pdf
lw3599	lw3599/lw3599.pdf
lw3604	lw3604/lw3604.pdf
lw3607	lw3607/lw3607.pdf
lw3608	lw3608/lw3608.pdf
lw3609	(zoomify_image; no pdf)
lw3611	lw3611/lw3611.pdf
lw3617	lw3617/lw3617.pdf
lw3622	(zoomify_image; no pdf)
lw3624	(zoomify_image; no pdf)
lw3627	lw3627/lw3627.pdf
lw3631	(zoomify_image; no pdf)
lw3637	lw3637/lw3637.pdf
lw3642	(zoomify_image; no pdf)
lw3645	lw3645/lw3645.pdf
lw3647	lw3647/lw3647.pdf
lw3656	(zoomify_image; no pdf)
lw3657	(zoomify_image; no pdf)
lw3662	lw3662/lw3662.pdf
lw3663	lw3663/lw3663.pdf
lw3664	(zoomify_image; no pdf)
lw3669	lw3669/lw3669.pdf
lw3671	(zoomify_image; no pdf)
lw3672	(zoomify_image; no pdf)
lw3676	(zoomify_image; no pdf)
lw3677	lw3677/lw3677.pdf
lw3679	(zoomify_image; no pdf)
lw3682	(zoomify_image; no pdf)
lw3684	(zoomify_image; no pdf)
lw3684_postcards	(zoomify_image; no pdf)
lw3686	(zoomify_image; no pdf)
lw3690	(zoomify_image; no pdf)
lw3694	lw3694/lw3694.pdf
lw3696	lw3696/lw3696.pdf
lw3697	lw3697/lw3697.pdf
lw3708	lw3708/lw3708.pdf
lw3709	(zoomify_image; no pdf)
lw3714	lw3714/lw3714.pdf
lw3742	lw3742/lw3742.pdf
lw3743	lw3743/lw3743.pdf
lw3755	lw3755/lw3755.pdf
lw3759	(zoomify_image; no pdf)
lw3761	(zoomify_image; no pdf)
lw3762	(zoomify_image; no pdf)
lw3765appeal	lw3765appeal/lw3765appeal.pdf
lw3778	(zoomify_image; no pdf)
lw3779	(zoomify_image; no pdf)
lw3781	(zoomify_image; no pdf)
lw3784	lw3784/lw3784.pdf
lw3786	(other_bundle; no pdf)
lw3788	(zoomify_image; no pdf)
lw3789	(zoomify_image; no pdf)
lw3790	(zoomify_image; no pdf)
lw3792	(zoomify_image; no pdf)
lw3794	(zoomify_image; no pdf)
lw3800	(zoomify_image; no pdf)
lw3801	(zoomify_image; no pdf)
lw6902	lw6902/lw6902-orig.pdf
lw6902	lw6902/lw6902.pdf
lw7601	(zoomify_image; no pdf)
lw9801	(zoomify_image; no pdf)
lw9801program	lw9801program/lw9801program.pdf
lyonsdockweilerdeir081617	lyonsdockweilerdeir081617/lyonsdockweilerdeir081617.pdf
macneill1947	macneill1947/macneill1947.pdf
maxson1928	maxson1928/maxson1928.pdf
mcelhoes2017	mcelhoes2017/mcelhoes2017.pdf
mcgroarty1923aqueduct	mcgroarty1923aqueduct/mcgroarty1923aqueduct.pdf
mckinley_piru_history_2022	mckinley_piru_history_2022/mckinley_piru_history_2022.pdf
meredith1899	meredith1899/meredith1899.pdf
miningincalif1927	miningincalif1927/miningincalif1927.pdf
mrca20190109	mrca20190109/mrca20190109.pdf
mrca_robinsnest_2018	mrca_robinsnest_2018/mrca_memo_robinsnest_20181107.pdf
mrca_robinsnest_2018	mrca_robinsnest_2018/mrca_memo_robinsnest_20190109.pdf
mrca_robinsnest_2018	mrca_robinsnest_2018/mrca_robinsnest_2018.pdf
mrca_robinsnest_2018	mrca_robinsnest_2018/smmc_memo_robinsnest_20161212.pdf
mrca_robinsnest_2018	mrca_robinsnest_2018/smmc_tpl_robinsnest_2016.pdf
mu1801	mu1801/mu1801.pdf
mu8901	mu8901/mu8901-orig.pdf
mu8901	mu8901/mu8901.pdf
muehlberger1954	muehlberger1954/muehlberger1954.pdf
mwoty2017program	mwoty2017program/mwoty2017program.pdf
nagpra1990	nagpra1990/nagpra01.pdf
nagpra1990	nagpra1990/nagpra02.pdf
nagpra1990	nagpra1990/nagpra03.pdf
nagpra1990	nagpra1990/nagpra04.pdf
nagpra1990	nagpra1990/nagpra05.pdf
nagpra1990	nagpra1990/nagpra06.pdf
needham_wildturkey	needham_wildturkey/needham_wildturkey.pdf
newhallfirstpresbyterian100years	newhallfirstpresbyterian100years/newhallfirstpresbyterian100years-orig.pdf
newhallfirstpresbyterian100years	newhallfirstpresbyterian100years/newhallfirstpresbyterian100years.pdf
newhallsaugussun19630321	newhallsaugussun19630321/newhallsaugussun19630321.pdf
newhallwomansclub1964cookbook	newhallwomansclub1964cookbook/newhallwomansclub1964cookbook.pdf
ng0101	(zoomify_image; no pdf)
nickell1928sanfrancisquito	nickell1928sanfrancisquito/nickell1928sanfrancisquito.pdf
nickell1928sanfrancisquito_map	nickell1928sanfrancisquito_map/nickell1928sanfrancisquito_map.pdf
nlf1953sri	nlf1953sri/nlf1953sri.pdf
nlf1954smog	nlf1954smog/nlf1954smog.pdf
northlake_appeal_20180423	northlake_appeal_20180423/northlake_appeal_20180423.pdf
northlakehills_deir_0517	northlakehills_deir_0517/northlakehills_deir_0517.pdf
nps1963pico	nps1963pico/nps1963pico.pdf
nps20181119	nps20181119/nps20181119.pdf
ns6001	ns6001/ns6001.pdf
ns9601	(zoomify_image; no pdf)
nsdvv1989yearbook	nsdvv1989yearbook/nsdvv1989yearbook.pdf
nsdwiley1998yearbook	nsdwiley1998yearbook/nsdwiley1998yearbook.pdf
nsdwiley1999yearbook	nsdwiley1999yearbook/nsdwiley1999yearbook-orig.pdf
nsdwiley1999yearbook	nsdwiley1999yearbook/nsdwiley1999yearbook.pdf
nw2001	(zoomify_image; no pdf)
obituary_donpatrickmullally_program	obituary_donpatrickmullally_program/obituary_donpatrickmullally_program.pdf
obituary_garyearlcondie_program	obituary_garyearlcondie_program/obituary_garyearlcondie_program.pdf
obituary_russelltcochran	(zoomify_image; no pdf)
ohp_preservationplan20132017	ohp_preservationplan20132017/ohp_preservationplan20132017.pdf
olph19441994	olph19441994/olph19441994.pdf
olph20140706	olph20140706/olph20140706.pdf
olphschool2017yearbook	olphschool2017yearbook/olphschool2017yearbook.pdf
osmer_saugusspeedwayscrapbook	osmer_saugusspeedwayscrapbook/osmer_saugusspeedwayscrapbook-orig.pdf
osmer_saugusspeedwayscrapbook	osmer_saugusspeedwayscrapbook/osmer_saugusspeedwayscrapbook.pdf
outland_oldshoebox	outland_oldshoebox/outland_oldshoebox.pdf
ox6401	(zoomify_image; no pdf)
paulkoslo20190211	paulkoslo20190211/paulkoslo20190211.pdf
pdc_overview_2002	pdc_overview_2002/pdc_overview_2002.pdf
perkins_manuscript_ch2	perkins_manuscript_ch2/perkins_manuscript_ch2.pdf
philipmillsjones1923	philipmillsjones1923/philipmillsjones1923.pdf
pinecrest1976yearbook	pinecrest1976yearbook/pinecrest1976yearbook.pdf
pinecrest1977yearbook	pinecrest1977yearbook/pinecrest1977yearbook-orig.pdf
pinecrest1977yearbook	pinecrest1977yearbook/pinecrest1977yearbook.pdf
pinecrest1978yearbook	pinecrest1978yearbook/pinecrest1978yearbook-orig.pdf
pinecrest1978yearbook	pinecrest1978yearbook/pinecrest1978yearbook.pdf
pinecrest2013yearbook	pinecrest2013yearbook/pinecrest2013yearbook-orig.pdf
pinecrest2013yearbook	pinecrest2013yearbook/pinecrest2013yearbook.pdf
pinecrest2015yearbook	pinecrest2015yearbook/pinecrest2015yearbook.pdf
pinecrest2016yearbook	pinecrest2016yearbook/pinecrest2016yearbook.pdf
placerita032012	placerita032012/Executed Signature Page 4-16-12.pdf
placerita032012	placerita032012/OA Placerita Canyon Final.pdf
placerita032012	placerita032012/Resolution LA County.pdf
placerita032012	placerita032012/placerita032012.pdf
placerita1966yearbook	placerita1966yearbook/placerita1966yearbook.pdf
placerita1973yearbook	placerita1973yearbook/placerita1973yearbook-orig.pdf
placerita1973yearbook	placerita1973yearbook/placerita1973yearbook.pdf
placerita1987yearbook	placerita1987yearbook/placerita1987yearbook-orig.pdf
placerita1987yearbook	placerita1987yearbook/placerita1987yearbook.pdf
placerita1993yearbook	placerita1993yearbook/placerita1993yearbook-orig.pdf
placerita1993yearbook	placerita1993yearbook/placerita1993yearbook.pdf
placerita2006yearbook	placerita2006yearbook/placerita2006yearbook-orig.pdf
placerita2006yearbook	placerita2006yearbook/placerita2006yearbook.pdf
placerita75yearbook	placerita75yearbook/placerita75yearbook-orig.pdf
placerita75yearbook	placerita75yearbook/placerita75yearbook.pdf
popsci0364	popsci0364/popsci0364.pdf
powwow1999	powwow1999/powwow1999.pdf
puseman_calan857	puseman_calan857/puseman_calan857.pdf
ra0601	ra0601/ra0601.pdf
ra1001	ra1001/ra1001-orig.pdf
ra1001	ra1001/ra1001.pdf
ra20070929	(zoomify_image; no pdf)
ra2101	(zoomify_image; no pdf)
ra3001	(zoomify_image; no pdf)
ra3101	ra3101/ra3101.pdf
ra3501	(zoomify_image; no pdf)
ra3601	(zoomify_image; no pdf)
ra3602	(zoomify_image; no pdf)
ra5503	(zoomify_image; no pdf)
ra7101	(zoomify_image; no pdf)
ra9401	(zoomify_image; no pdf)
ra9601	(zoomify_image; no pdf)
ra_annualreport2016	ra_annualreport2016/ra_annualreport2016.pdf
ra_annualreport2017	ra_annualreport2017/ra_annualreport2017.pdf
ra_appraisal1939	ra_appraisal1939/ra_appraisal1939.pdf
ra_articles1994	ra_articles1994/ra_articles1994.pdf
ra_culturallandscape2005	ra_culturallandscape2005/ra_culturallandscape2005.pdf
ra_culturallandscape2005	ra_culturallandscape2005/ra_culturallandscape2005_nomaps.pdf
ra_imagefiledelvalle	ra_imagefiledelvalle/ra_imagefiledelvalle.pdf
ra_museumvision1997	ra_museumvision1997/ra_museumvision1997.pdf
ra_ramonascreenshots	ra_ramonascreenshots/ra_ramonascreenshots.pdf
ra_shirleyrubel20020402	ra_shirleyrubel20020402/ra_shirleyrubel20020402.pdf
ra_shirleyrubel20081111	ra_shirleyrubel20081111/ra_shirleyrubel20081111.pdf
rainey_buzzbarton1983	rainey_buzzbarton1983/pg028.pdf
rainey_buzzbarton1983	rainey_buzzbarton1983/rainey_buzzbarton1983.pdf
rambo_vasquez	rambo_vasquez/rambo_vasquez.pdf
ramona-text	ramona-text/ramona-text.pdf
randywicks0001-0199	randywicks0001-0199/randywicks0001-0199.pdf
randywicks0001-0199	randywicks0001-0199/randywicks0001-0199_orig.pdf
randywicks0200-0399	randywicks0200-0399/randywicks0200-0399.pdf
randywicks0200-0399	randywicks0200-0399/randywicks0200-0399_orig.pdf
randywicks0400-0599	randywicks0400-0599/randywicks0400-0599.pdf
randywicks0400-0599	randywicks0400-0599/randywicks0400-0599_orig.pdf
randywicks0600-0799	randywicks0600-0799/randywicks0600-0799.pdf
randywicks0600-0799	randywicks0600-0799/randywicks0600-0799_orig.pdf
randywicks0800-0999	randywicks0800-0999/randywicks0800-0999.pdf
randywicks0800-0999	randywicks0800-0999/randywicks0800-0999_orig.pdf
randywicks1000-1199	randywicks1000-1199/randywicks1000-1199.pdf
randywicks1000-1199	randywicks1000-1199/randywicks1000-1199_orig.pdf
randywicks1200-1399	randywicks1200-1399/randywicks1200-1399.pdf
randywicks1200-1399	randywicks1200-1399/randywicks1200-1399_orig.pdf
randywicks1400-1599	randywicks1400-1599/randywicks1400-1599.pdf
randywicks1400-1599	randywicks1400-1599/randywicks1400-1599_orig.pdf
randywicks1600-1799	randywicks1600-1799/randywicks1600-1799.pdf
randywicks1600-1799	randywicks1600-1799/randywicks1600-1799_orig.pdf
randywicks1800-1999	randywicks1800-1999/randywicks1800-1999.pdf
randywicks1800-1999	randywicks1800-1999/randywicks1800-1999_orig.pdf
randywicks2000-2199	randywicks2000-2199/randywicks2000-2199.pdf
randywicks2000-2199	randywicks2000-2199/randywicks2000-2199_orig.pdf
randywicks2200-2399	randywicks2200-2399/randywicks2200-2399.pdf
randywicks2200-2399	randywicks2200-2399/randywicks2200-2399_orig.pdf
randywicks2400-2599	randywicks2400-2599/randywicks2400-2599_orig.pdf
randywicks2600-2799	randywicks2600-2799/randywicks2600-2799.pdf
randywicks2600-2799	randywicks2600-2799/randywicks2600-2799_orig.pdf
randywicks2800-2999	randywicks2800-2999/randywicks2800-2999.pdf
randywicks2800-2999	randywicks2800-2999/randywicks2800-2999_orig.pdf
randywicks3000-3182	randywicks3000-3182/randywicks3000-3182.pdf
randywicks4000-4199	randywicks4000-4199/randywicks4000-4199-new.pdf
randywicks4000-4199	randywicks4000-4199/randywicks4000-4199.pdf
randywicks4200-4350	randywicks4200-4350/randywicks4200-4350.pdf
randywicks4351-4504	randywicks4351-4504/0637_001.pdf
randywicks4351-4504	randywicks4351-4504/0637_001_page_002 missed_001.pdf
randywicks4351-4504	randywicks4351-4504/0638_001.pdf
randywicks4351-4504	randywicks4351-4504/0639_001.pdf
randywicks4351-4504	randywicks4351-4504/0640_001.pdf
randywicks4351-4504	randywicks4351-4504/0641_001.pdf
randywicks4351-4504	randywicks4351-4504/0642_001.pdf
randywicks4351-4504	randywicks4351-4504/0644_001.pdf
randywicks4351-4504	randywicks4351-4504/0645_001 1.pdf
randywicks4351-4504	randywicks4351-4504/0645_001.pdf
randywicks4351-4504	randywicks4351-4504/0646_001.pdf
randywicks4351-4504	randywicks4351-4504/0647_001.pdf
randywicks4351-4504	randywicks4351-4504/0648_001.pdf
randywicks4351-4504	randywicks4351-4504/0649_001.pdf
randywicks4351-4504	randywicks4351-4504/0650_001.pdf
randywicks4351-4504	randywicks4351-4504/Wicks_4351_4505.pdf
randywicks4351-4504	randywicks4351-4504/randywicks4351-4504.pdf
rcm102817	(zoomify_image; no pdf)
recordpress19690108	recordpress19690108/recordpress19690108.pdf
rk4901	rk4901/1947 AB 1663 copy.pdf
rk4901	rk4901/rk4901.pdf
rk4901	rk4901/stateparks19490722placerita.pdf
rk4901	rk4901/walker19490613placerita.pdf
rm4100	(zoomify_image; no pdf)
robinson_storyofvalencia_1967	robinson_storyofvalencia_1967/robinson_storyofvalencia_1967.pdf
rosedell1979yearbook	rosedell1979yearbook/rosedell1979yearbook.pdf
rs7801	(zoomify_image; no pdf)
rwf1964cookbook	rwf1964cookbook/rwf1964cookbook.pdf
s1926_2017	s1926_2017/s1926_2017.pdf
s47_2019	s47_2019/s47_2019.pdf
s47_2019	s47_2019/s47_2019_full.pdf
sanborn_newhall_1892	(zoomify_image; no pdf)
sandcanyonplaza_deir0317	sandcanyonplaza_deir0317/sandcanyonplaza_deir0317.pdf
santaclarita2020plan	santaclarita2020plan/santaclarita2020plan.pdf
sarahbrewer_ch1geology	sarahbrewer_ch1geology/sarahbrewer_ch1geology.pdf
saugus1977yearbook	saugus1977yearbook/saugus1977yearbook-orig.pdf
saugus1977yearbook	saugus1977yearbook/saugus1977yearbook.pdf
saugus1978yearbook	saugus1978yearbook/saugus1978yearbook-orig.pdf
saugus1978yearbook	saugus1978yearbook/saugus1978yearbook.pdf
saugus1979yearbook	saugus1979yearbook/saugus1979yearbook-orig.pdf
saugus1979yearbook	saugus1979yearbook/saugus1979yearbook.pdf
saugus1982yearbook	saugus1982yearbook/saugus1982yearbook-orig.pdf
saugus1982yearbook	saugus1982yearbook/saugus1982yearbook.pdf
saugus1983yearbook	saugus1983yearbook/saugus1983yearbook-orig.pdf
saugus1983yearbook	saugus1983yearbook/saugus1983yearbook.pdf
saugus1984yearbook	saugus1984yearbook/saugus1984yearbook-orig.pdf
saugus1984yearbook	saugus1984yearbook/saugus1984yearbook.pdf
saugus1985yearbook	saugus1985yearbook/saugus1985yearbook-orig.pdf
saugus1985yearbook	saugus1985yearbook/saugus1985yearbook.pdf
saugus1990yearbook	saugus1990yearbook/saugus1990yearbook-ebook.pdf
saugus1990yearbook	saugus1990yearbook/saugus1990yearbook-orig.pdf
saugus1990yearbook	saugus1990yearbook/saugus1990yearbook.pdf
saugus2001yearbook	saugus2001yearbook/saugus2001yearbook-ebook.pdf
saugus2001yearbook	saugus2001yearbook/saugus2001yearbook-orig.pdf
saugus2001yearbook	saugus2001yearbook/saugus2001yearbook.pdf
sc0011	sc0011/sc0011.pdf
sc0102	(zoomify_image; no pdf)
sc0104	(zoomify_image; no pdf)
sc0201	(zoomify_image; no pdf)
sc0301	(zoomify_image; no pdf)
sc0302	sc0302/sc0302-orig.pdf
sc0302	sc0302/sc0302.pdf
sc0502	(zoomify_image; no pdf)
sc0503	(zoomify_image; no pdf)
sc101917	(zoomify_image; no pdf)
sc1102	sc1102/sc1102.pdf
sc1204	(zoomify_image; no pdf)
sc1602	sc1602/sc1602.pdf
sc1702	(zoomify_image; no pdf)
sc1707	(zoomify_image; no pdf)
sc1710	sc1710/sc1710.pdf
sc1711	(zoomify_image; no pdf)
sc1712	sc1712/sc1712.pdf
sc1713	(zoomify_image; no pdf)
sc1804	sc1804/sc1804.pdf
sc1805	sc1805/sc1805-orig.pdf
sc1805	sc1805/sc1805.pdf
sc1806	(zoomify_image; no pdf)
sc1807	(zoomify_image; no pdf)
sc1808	sc1808/sc1808.pdf
sc1809photos	(zoomify_image; no pdf)
sc1810	sc1810/sc1810-orig.pdf
sc1810	sc1810/sc1810.pdf
sc1901	sc1901/sc1901.pdf
sc1902	sc1902/sc1902.pdf
sc1903	(zoomify_image; no pdf)
sc19872007	sc19872007/sc19872007-orig.pdf
sc19872007	sc19872007/sc19872007.pdf
sc2001	(zoomify_image; no pdf)
sc20190315	(zoomify_image; no pdf)
sc20190329	(zoomify_image; no pdf)
sc20190424	(zoomify_image; no pdf)
sc9301	(zoomify_image; no pdf)
sc9403	(zoomify_image; no pdf)
sc9404	(zoomify_image; no pdf)
sc9405	sc9405/sc9405.pdf
sc9406	sc9406/sc9406.pdf
sc9407	sc9407/sc9407.pdf
sc9701	sc9701/sc9701.pdf
sc9902	(zoomify_image; no pdf)
sc_artsmasterplan2016	sc_artsmasterplan2016/sc_artsmasterplan2016.pdf
sc_jadservice_111217	sc_jadservice_111217/sc_jadservice_111217.pdf
sc_newhallredevelopment19972012	sc_newhallredevelopment19972012/sc_newhallredevelopment19972012.pdf
scaa20180929	scaa20180929/scaa20180929.pdf
scag_connectsocal_2019	scag_connectsocal_2019/scag_connectsocal_2019.pdf
scoak20021030	scoak20021030/scoak20021030.pdf
scsf2019chamberlain	scsf2019chamberlain/scsf2019chamberlain.pdf
scvaawarriors1973yearbook	scvaawarriors1973yearbook/scvaawarriors1973yearbook.pdf
scvff082014	scvff082014/scvff082014.pdf
scvhs19761979minutes	scvhs19761979minutes/scvhs19761979minutes-orig.pdf
scvhs19761979minutes	scvhs19761979minutes/scvhs19761979minutes.pdf
scvhs19801989minutes	scvhs19801989minutes/scvhs19801989minutes-orig.pdf
scvhs19801989minutes	scvhs19801989minutes/scvhs19801989minutes.pdf
scvhs1980countycontract	scvhs1980countycontract/scvhs1980countycontract.pdf
scvhs19901997minutes	scvhs19901997minutes/scvhs19901997minutes-orig.pdf
scvhs19901997minutes	scvhs19901997minutes/scvhs19901997minutes.pdf
scvhs19981999minutes	scvhs19981999minutes/scvhs19981999minutes.pdf
scvhs2000minutes	scvhs2000minutes/scvhs2000minutes-orig.pdf
scvhs2000minutes	scvhs2000minutes/scvhs2000minutes.pdf
scvhs20102017minutes	scvhs20102017minutes/scvhs20102017minutes.pdf
scvhs20200228	(zoomify_image; no pdf)
scvhs_callahandonationforms19861987	scvhs_callahandonationforms19861987/scvhs_callahandonationforms19861987.pdf
scvhs_collectionlist_20131114	scvhs_collectionlist_20131114/scvhs_collectionlist_20131114.pdf
scvhs_docenttraining_saugusstation	scvhs_docenttraining_saugusstation/scvhs_docenttraining_saugusstation.pdf
scvhs_docenttrainingmanual2006	scvhs_docenttrainingmanual2006/scvhs_docenttrainingmanual2006.pdf
scvhs_library_holdings_2012	scvhs_library_holdings_2012/scvhs_library_holdings_2012.pdf
scvhs_mitchelladobereconstructionplans	scvhs_mitchelladobereconstructionplans/scvhs_mitchelladobereconstructionplans.pdf
scvhs_ruizcemeterycensus1992	scvhs_ruizcemeterycensus1992/scvhs_ruizcemeterycensus1992.pdf
scvwa010218agenda	scvwa010218agenda/scvwa010218agenda.pdf
scvwa010918	scvwa010918/scvwa010918.pdf
scvwa012918a	scvwa012918a/scvwa012918a.pdf
scvwa012918b	scvwa012918b/scvwa012918b.pdf
scvwa012918c	scvwa012918c/scvwa012918c.pdf
scvwa20180807gsa	scvwa20180807gsa/scvwa20180807.pdf
scvwa20180807gsa	scvwa20180807gsa/scvwa20180807gsa.pdf
scvwa20190618	scvwa20190618/scvwa20190618.pdf
scvwa_qa1116	scvwa_qa1116/scvwa_qa1116.pdf
scvwa_qa1116	scvwa_qa1116/scvwa_qa1116_orig.pdf
scvwa_sb634	scvwa_sb634/scvwa_sb634.pdf
sfdcoronersinquest	sfdcoronersinquest/sfdcoronersinquest.pdf
sfdcoronersverdict	sfdcoronersverdict/sfdcoronersverdict.pdf
sfrhms1201kelly	sfrhms1201kelly/sfrhms1201kelly.pdf
sg0050	(zoomify_image; no pdf)
sg1924	sg1924/sg1924-orig.pdf
sg1924	sg1924/sg1924.pdf
sg1924	sg1924/sg19240104/sg19240104.pdf
sg1924	sg1924/sg19240104/sg19240104_orig.pdf
sg1924	sg1924/sg19240111/sg19240111.pdf
sg1924	sg1924/sg19240111/sg19240111_orig.pdf
sg1924	sg1924/sg19240118/sg19240118.pdf
sg1924	sg1924/sg19240118/sg19240118_orig.pdf
sg1924	sg1924/sg19240125/sg19240125.pdf
sg1924	sg1924/sg19240125/sg19240125_orig.pdf
sg1924	sg1924/sg19240404/sg19240404.pdf
sg1924	sg1924/sg19240404/sg19240404_orig.pdf
sg1924	sg1924/sg19240411/sg19240411.pdf
sg1924	sg1924/sg19240411/sg19240411_orig.pdf
sg1924	sg1924/sg19240418/sg19240418.pdf
sg1924	sg1924/sg19240418/sg19240418_orig.pdf
sg1924	sg1924/sg19240425/sg19240425.pdf
sg1924	sg1924/sg19240425/sg19240425_orig.pdf
sg1924	sg1924/sg19240502/sg19240502.pdf
sg1924	sg1924/sg19240502/sg19240502_orig.pdf
sg1924	sg1924/sg19240509/sg19240509.pdf
sg1924	sg1924/sg19240509/sg19240509_orig.pdf
sg1924	sg1924/sg19240523/sg19240523.pdf
sg1924	sg1924/sg19240523/sg19240523_orig.pdf
sg1924	sg1924/sg19240530/sg19240530.pdf
sg1924	sg1924/sg19240530/sg19240530_orig.pdf
sg1924	sg1924/sg19240606/sg19240606.pdf
sg1924	sg1924/sg19240606/sg19240606_orig.pdf
sg1924	sg1924/sg19240613/sg19240613.pdf
sg1924	sg1924/sg19240613/sg19240613_orig.pdf
sg1924	sg1924/sg19240620/sg19240620.pdf
sg1924	sg1924/sg19240620/sg19240620_orig.pdf
sg1924	sg1924/sg19240627/sg19240627.pdf
sg1924	sg1924/sg19240627/sg19240627_orig.pdf
sg1924	sg1924/sg19240704/sg19240704.pdf
sg1924	sg1924/sg19240704/sg19240704_orig.pdf
sg1924	sg1924/sg19240711/sg19240711.pdf
sg1924	sg1924/sg19240711/sg19240711_orig.pdf
sg1924	sg1924/sg19240725/sg19240725.pdf
sg1924	sg1924/sg19240725/sg19240725_orig.pdf
sg1924	sg1924/sg19240801/sg19240801.pdf
sg1924	sg1924/sg19240801/sg19240801_orig.pdf
sg1924	sg1924/sg19240808/sg19240808.pdf
sg1924	sg1924/sg19240808/sg19240808_orig.pdf
sg1924	sg1924/sg19240815/sg19240815.pdf
sg1924	sg1924/sg19240815/sg19240815_orig.pdf
sg1924	sg1924/sg19240822/sg19240822.pdf
sg1924	sg1924/sg19240822/sg19240822_orig.pdf
sg1924	sg1924/sg19240829/sg19240829.pdf
sg1924	sg1924/sg19240829/sg19240829_orig.pdf
sg1924	sg1924/sg19240905/sg19240905.pdf
sg1924	sg1924/sg19240905/sg19240905_orig.pdf
sg1924	sg1924/sg19240912/sg19240912.pdf
sg1924	sg1924/sg19240912/sg19240912_orig.pdf
sg1924	sg1924/sg19240919/sg19240919.pdf
sg1924	sg1924/sg19240919/sg19240919_orig.pdf
sg1924	sg1924/sg19240926/sg19240926.pdf
sg1924	sg1924/sg19240926/sg19240926_orig.pdf
sg1924	sg1924/sg19241003/sg19241003.pdf
sg1924	sg1924/sg19241003/sg19241003_orig.pdf
sg1924	sg1924/sg19241010/sg19241010.pdf
sg1924	sg1924/sg19241010/sg19241010_orig.pdf
sg1924	sg1924/sg19241017/sg19241017.pdf
sg1924	sg1924/sg19241017/sg19241017_orig.pdf
sg1924	sg1924/sg19241024/sg19241024.pdf
sg1924	sg1924/sg19241024/sg19241024_orig.pdf
sg1924	sg1924/sg19241031/sg19241031.pdf
sg1924	sg1924/sg19241031/sg19241031_orig.pdf
sg1924	sg1924/sg19241107/sg19241107.pdf
sg1924	sg1924/sg19241107/sg19241107_orig.pdf
sg1924	sg1924/sg19241114/sg19241114.pdf
sg1924	sg1924/sg19241114/sg19241114_orig.pdf
sg1924	sg1924/sg19241121/sg19241121.pdf
sg1924	sg1924/sg19241121/sg19241121_orig.pdf
sg1924	sg1924/sg19241128/sg19241128.pdf
sg1924	sg1924/sg19241128/sg19241128_orig.pdf
sg1924	sg1924/sg19241205/sg19241205.pdf
sg1924	sg1924/sg19241205/sg19241205_orig.pdf
sg1924	sg1924/sg19241212/sg19241212.pdf
sg1924	sg1924/sg19241212/sg19241212_orig.pdf
sg19671010guthrie	(zoomify_image; no pdf)
sg19671119chs	(zoomify_image; no pdf)
sg19680213harris	(other_bundle; no pdf)
sg19680611rolfe	(zoomify_image; no pdf)
sg19680612oopark	(zoomify_image; no pdf)
sg19680808	(zoomify_image; no pdf)
sg19680812armycorps	(zoomify_image; no pdf)
sg19690330dennys	(zoomify_image; no pdf)
sg19690605students	(zoomify_image; no pdf)
sg19691003coc	(zoomify_image; no pdf)
sg19691019cox	(zoomify_image; no pdf)
sg19701031cocfootball	(zoomify_image; no pdf)
sg19710526cocsports	(zoomify_image; no pdf)
sg19711112placerita	(zoomify_image; no pdf)
sg19711124cocfootball	(zoomify_image; no pdf)
sg19720315fashion	(zoomify_image; no pdf)
sg19720626castaiclake	(zoomify_image; no pdf)
sg19720802coctrack	(zoomify_image; no pdf)
sg19730305oo	(zoomify_image; no pdf)
sg19730328cocawards	(other_bundle; no pdf)
sg19730402fonda	(zoomify_image; no pdf)
sg19730520coc	(zoomify_image; no pdf)
sg19730707coc	(zoomify_image; no pdf)
sg1973oofootball	(zoomify_image; no pdf)
sg1973ooschool	(zoomify_image; no pdf)
sg19841125mckibben	(other_bundle; no pdf)
sg19841202hyde	(other_bundle; no pdf)
sg19841209warrenwilson	(other_bundle; no pdf)
sg19841216sloan	(other_bundle; no pdf)
sg19841219jauregui	(other_bundle; no pdf)
sg19850904cook	(other_bundle; no pdf)
sg19850906dyer	(other_bundle; no pdf)
sg19851214scvhs	(zoomify_image; no pdf)
sg19860908creekside	sg19860908creekside/sg19860908creekside_files/sg19860908creekside.pdf
sg19921101scottnewhall	(other_bundle; no pdf)
sg19931222	(zoomify_image; no pdf)
sg20050704parade01	(zoomify_image; no pdf)
sg20050704parade02	(zoomify_image; no pdf)
sg20050704parade03	(zoomify_image; no pdf)
sg20190330trestles	(zoomify_image; no pdf)
sg9801	(zoomify_image; no pdf)
sg_earthquake1994	sg_earthquake1994/sg_earthquake1994-orig.pdf
sg_earthquake1994	sg_earthquake1994/sg_earthquake1994.pdf
sg_vigilanceforever1994	sg_vigilanceforever1994/sg_vigilanceforever1994-orig.pdf
sg_vigilanceforever1994	sg_vigilanceforever1994/sg_vigilanceforever1994.pdf
sh4901	sh4901/sh4901-orig.pdf
sh4901	sh4901/sh4901.pdf
sierravista1965yearbook	sierravista1965yearbook/sierravista1965yearbook.pdf
sierravista1966yearbook	sierravista1966yearbook/sierravista1966yearbook.pdf
sierravista1968yearbook	sierravista1968yearbook/sierravista1968yearbook.pdf
sierravista1969yearbook	sierravista1969yearbook/sierravista1969yearbook.pdf
sierravista1987yearbook	sierravista1987yearbook/sierravista1987yearbook-orig.pdf
sierravista1987yearbook	sierravista1987yearbook/sierravista1987yearbook.pdf
sierravista1989yearbook	sierravista1989yearbook/sierravista1989yearbook-orig.pdf
sierravista1989yearbook	sierravista1989yearbook/sierravista1989yearbook.pdf
sierravista1990yearbook	sierravista1990yearbook/sierravista1990yearbook-orig.pdf
sierravista1990yearbook	sierravista1990yearbook/sierravista1990yearbook.pdf
sierravista20190328	(zoomify_image; no pdf)
sk4701	sk4701/sk4701.pdf
sk6201	(zoomify_image; no pdf)
skylineranch111317	skylineranch111317/skylineranch111317.pdf
skylineranch122016	skylineranch122016/skylineranch122016.pdf
skylineranchdeir0709	skylineranchdeir0709/skylineranchdeir0709.pdf
skylineranchfeiraddendum1216	skylineranchfeiraddendum1216/skylineranchfeiraddendum1216-ebook.pdf
skylineranchfeiraddendum1216	skylineranchfeiraddendum1216/skylineranchfeiraddendum1216-orig.pdf
skylineranchfeiraddendum1216	skylineranchfeiraddendum1216/skylineranchfeiraddendum1216.pdf
SpahnRanchWayback2_files	(wayback_assets; no pdf)
SpahnRanchWayback_files	(wayback_assets; no pdf)
speedway090862	speedway090862/speedway090862.pdf
speedway19461229	speedway19461229/speedway19461229.pdf
speedway19560129	speedway19560129/speedway19560129.pdf
speedway19820410	speedway19820410/speedway19820410.pdf
spike-harrington1976	spike-harrington1976/spike-harrington1976.pdf
squires2012	squires2012/squires2012.pdf
ssmtmp2_final20181211	ssmtmp2_final20181211/ssmtmp2_final20181211.pdf
ssmtmp2_initialstudy20171102	ssmtmp2_initialstudy20171102/ssmtmp2_initialstudy20171102.pdf
standardoiler195308pico	standardoiler195308pico/standardoiler195308pico.pdf
stansell2014	stansell2014/stansell2014.pdf
stitt1981	stitt1981/stitt1981.pdf
stitt1981plates	(other_bundle; no pdf)
sw20200521	sw20200521/1478_SDP_PARKING LOT 8_042419.pdf
sw20200521	sw20200521/Center at Needham Ranch Corten Pedestal Sign.pdf
sw20200521	sw20200521/Live Oak Manor Plaque.pdf
sw20200521	sw20200521/Parking Lot 8 Landscaping Concept.pdf
sw20200521	sw20200521/docfile/20180711/1478-rock-arch-tc-plan-062618 REDLINE 6.28.18.pdf
sw20200521	sw20200521/docfile/Live Oak Manor Arch Memo & DPR set 1-28-2018.pdf
sw20200521	sw20200521/docfile/Needham Ranch Arch CON.pdf
sw20200521	sw20200521/docfile/Needham Ranch Arch Photos 5-29-18  .pdf
sw20200521	sw20200521/docfile/ORL-Needham_POA_existing arbor relocation.pdf
sw20200521	sw20200521/docfile/Oak Manner Archway.pdf
sw3005	(zoomify_image; no pdf)
sw_yesterdaysoflosangeles1927	sw_yesterdaysoflosangeles1927/sw_yesterdaysoflosangeles1927.pdf
swscv1801	(zoomify_image; no pdf)
sz2901	sz2901/sz2901.pdf
sz8701	sz8701/sz8701-orig.pdf
sz8701	sz8701/sz8701.pdf
tapiaranch_nop_20070829	tapiaranch_nop_20070829/tapiaranch_nop_20070829.pdf
tapiaranch_watersupply2_20180717	tapiaranch_watersupply2_20180717/tapiaranch_watersupply2_20180717.pdf
tapiaranch_watersupply_20180717	tapiaranch_watersupply_20180717/tapiaranch_watersupply_20180717.pdf
tesoro_sdeir0218	tesoro_sdeir0218/tesoro_sdeir0218.pdf
tl6403	(zoomify_image; no pdf)
tl6404	(other_bundle; no pdf)
tl8001	(zoomify_image; no pdf)
tl8002	(zoomify_image; no pdf)
tn7101	tn7101/tn7101.pdf
tn7202	tn7202/tn7202.pdf
tn7303	tn7303/tn7303.pdf
tn7402	tn7402/tn7402.pdf
tn7503	tn7503/tn7503.pdf
tn7601	tn7601/tn7601.pdf
tn7701	tn7701/tn7701.pdf
tn7702	tn7702/tn7702.pdf
tn7801	tn7801/tn7801.pdf
tn7902	tn7902/tn7902.pdf
tn8001	tn8001/tn8001.pdf
tn8101	tn8101/tn8101.pdf
tn8201	tn8201/tn8201.pdf
tn8301	tn8301/tn8301.pdf
tn8401	tn8401/tn8401.pdf
tn8402	tn8402/tn8402.pdf
tn8402_photos	(zoomify_image; no pdf)
tn8501	tn8501/tn8501.pdf
tn8601	tn8601/tn8601.pdf
tn8701	tn8701/tn8701.pdf
tn8801	tn8801/tn8801.pdf
tn8802	(other_bundle; no pdf)
tn8901	tn8901/tn8901-orig.pdf
tn8901	tn8901/tn8901.pdf
tn9001	tn9001/tn9001.pdf
tn9301	tn9301/tn9301.pdf
to7601	(zoomify_image; no pdf)
to8701	(zoomify_image; no pdf)
tomahawk1948	(other_bundle; no pdf)
tr5501	tr5501/tr5501.pdf
tr6101	tr6101/tr6101.pdf
tr6102	tr6102/tr6102.pdf
tr8401	tr8401/tr8401.pdf
trc_centennial_deir201705	trc_centennial_deir201705/1.pdf
trc_centennial_deir201705	trc_centennial_deir201705/10.pdf
trc_centennial_deir201705	trc_centennial_deir201705/11.pdf
trc_centennial_deir201705	trc_centennial_deir201705/12.pdf
trc_centennial_deir201705	trc_centennial_deir201705/2.pdf
trc_centennial_deir201705	trc_centennial_deir201705/3.pdf
trc_centennial_deir201705	trc_centennial_deir201705/4.pdf
trc_centennial_deir201705	trc_centennial_deir201705/5.0.pdf
trc_centennial_deir201705	trc_centennial_deir201705/5.1.pdf
trc_centennial_deir201705	trc_centennial_deir201705/5.10.pdf
trc_centennial_deir201705	trc_centennial_deir201705/5.11.pdf
trc_centennial_deir201705	trc_centennial_deir201705/5.12.pdf
trc_centennial_deir201705	trc_centennial_deir201705/5.13.pdf
trc_centennial_deir201705	trc_centennial_deir201705/5.14.pdf
trc_centennial_deir201705	trc_centennial_deir201705/5.15.pdf
trc_centennial_deir201705	trc_centennial_deir201705/5.16.pdf
trc_centennial_deir201705	trc_centennial_deir201705/5.17.pdf
trc_centennial_deir201705	trc_centennial_deir201705/5.18.pdf
trc_centennial_deir201705	trc_centennial_deir201705/5.19.pdf
trc_centennial_deir201705	trc_centennial_deir201705/5.2.pdf
trc_centennial_deir201705	trc_centennial_deir201705/5.20.pdf
trc_centennial_deir201705	trc_centennial_deir201705/5.21.pdf
trc_centennial_deir201705	trc_centennial_deir201705/5.3.pdf
trc_centennial_deir201705	trc_centennial_deir201705/5.4.pdf
trc_centennial_deir201705	trc_centennial_deir201705/5.5.pdf
trc_centennial_deir201705	trc_centennial_deir201705/5.6.pdf
trc_centennial_deir201705	trc_centennial_deir201705/5.7.pdf
trc_centennial_deir201705	trc_centennial_deir201705/5.8.pdf
trc_centennial_deir201705	trc_centennial_deir201705/5.9.pdf
trc_centennial_deir201705	trc_centennial_deir201705/6.pdf
trc_centennial_deir201705	trc_centennial_deir201705/7.pdf
trc_centennial_deir201705	trc_centennial_deir201705/8.pdf
trc_centennial_deir201705	trc_centennial_deir201705/9.pdf
trc_centennial_deir201705	trc_centennial_deir201705/intro.pdf
trc_centennial_deir201705	trc_centennial_deir201705/trc_centennial_deir201705.pdf
tv1901	(zoomify_image; no pdf)
tv1902	(zoomify_image; no pdf)
tv1903	(zoomify_image; no pdf)
tv1904	tv1904/tv1904.pdf
tv20190514	(zoomify_image; no pdf)
tv20190521	(zoomify_image; no pdf)
uc20180926nagpra	uc20180926nagpra/uc20180926nagpra.pdf
uc8901	uc8901/uc8901-ebook.pdf
uc8901	uc8901/uc8901-orig.pdf
uc8901	uc8901/uc8901.pdf
ucla20190524	ucla20190524/ucla20190524.pdf
us2869463	us2869463/us2869463.pdf
us2875959	us2875959/us2875959.pdf
us2995088	us2995088/us2995088.pdf
us3334536	us3334536/us3334536.pdf
us_mineralresources1885	us_mineralresources1885/us_mineralresources1885.pdf
usfs_sangabriels2014_faq	usfs_sangabriels2014_faq/usfs_sangabriels2014_faq.pdf
vhs1995yearbook	vhs1995yearbook/vhs1995yearbook-orig.pdf
vhs1995yearbook	vhs1995yearbook/vhs1995yearbook.pdf
vhs1996yearbook	vhs1996yearbook/vhs1996yearbook-orig.pdf
vhs1996yearbook	vhs1996yearbook/vhs1996yearbook.pdf
vhs1997yearbook	vhs1997yearbook/vhs1997yearbook-orig.pdf
vhs1997yearbook	vhs1997yearbook/vhs1997yearbook.pdf
vhs1998yearbook	vhs1998yearbook/vhs1998yearbook-orig.pdf
vhs1998yearbook	vhs1998yearbook/vhs1998yearbook.pdf
vhs1999yearbook	vhs1999yearbook/vhs1999yearbook-orig.pdf
vhs1999yearbook	vhs1999yearbook/vhs1999yearbook.pdf
vhs2000yearbook	vhs2000yearbook/vhs2000yearbook-ebook.pdf
vhs2000yearbook	vhs2000yearbook/vhs2000yearbook-orig.pdf
vhs2000yearbook	vhs2000yearbook/vhs2000yearbook.pdf
vhs2001yearbook	vhs2001yearbook/vhs2001yearbook-ebook.pdf
vhs2001yearbook	vhs2001yearbook/vhs2001yearbook-orig.pdf
vhs2001yearbook	vhs2001yearbook/vhs2001yearbook.pdf
vhs2002yearbook	vhs2002yearbook/vhs2002yearbook-ebook.pdf
vhs2002yearbook	vhs2002yearbook/vhs2002yearbook-orig.pdf
vhs2002yearbook	vhs2002yearbook/vhs2002yearbook.pdf
vhs2003yearbook	vhs2003yearbook/vhs2003yearbook-ebook.pdf
vhs2003yearbook	vhs2003yearbook/vhs2003yearbook-orig.pdf
vhs2003yearbook	vhs2003yearbook/vhs2003yearbook.pdf
vhs2004yearbook	vhs2004yearbook/vhs2004yearbook-ebook.pdf
vhs2004yearbook	vhs2004yearbook/vhs2004yearbook-orig.pdf
vhs2004yearbook	vhs2004yearbook/vhs2004yearbook.pdf
vhs2005yearbook	vhs2005yearbook/vhs2005yearbook-ebook.pdf
vhs2005yearbook	vhs2005yearbook/vhs2005yearbook-orig.pdf
vhs2005yearbook	vhs2005yearbook/vhs2005yearbook.pdf
vhs2006yearbook	vhs2006yearbook/vhs2006yearbook-ebook.pdf
vhs2006yearbook	vhs2006yearbook/vhs2006yearbook-orig.pdf
vhs2006yearbook	vhs2006yearbook/vhs2006yearbook.pdf
vhs2007yearbook	vhs2007yearbook/vhs2007yearbook-ebook.pdf
vhs2007yearbook	vhs2007yearbook/vhs2007yearbook-orig.pdf
vhs2007yearbook	vhs2007yearbook/vhs2007yearbook.pdf
vhs2008yearbook	vhs2008yearbook/vhs2008yearbook-ebook.pdf
vhs2008yearbook	vhs2008yearbook/vhs2008yearbook-orig.pdf
vhs2008yearbook	vhs2008yearbook/vhs2008yearbook.pdf
vhs2009yearbook	vhs2009yearbook/vhs2009yearbook-ebook.pdf
vhs2009yearbook	vhs2009yearbook/vhs2009yearbook-orig.pdf
vhs2009yearbook	vhs2009yearbook/vhs2009yearbook.pdf
vhs2010yearbook	vhs2010yearbook/vhs2010yearbook-ebook.pdf
vhs2010yearbook	vhs2010yearbook/vhs2010yearbook-orig.pdf
vhs2010yearbook	vhs2010yearbook/vhs2010yearbook.pdf
via20141108	via20141108/via20141108.pdf
viewfromvalencia0101	viewfromvalencia0101/viewfromvalencia0101.pdf
viewfromvalencia0107	viewfromvalencia0107/viewfromvalencia0107.pdf
wa1801	(zoomify_image; no pdf)
whistler1967	whistler1967/whistler1967.pdf
wicks1995book	wicks1995book/wicks1995book.pdf
williamson1853	williamson1853/williamson1853.pdf
wintererdurham1962	wintererdurham1962/wintererdurham1958_attachments.pdf
wintererdurham1962	wintererdurham1962/wintererdurham1962.pdf
wintererdurham1962map	wintererdurham1962map/wintererdurham1962map.pdf
woodcock2013	woodcock2013/woodcock2013.pdf
wpa_pioneerrefinery_1936	wpa_pioneerrefinery_1936/wpa_pioneerrefinery_1936.pdf
yukibasketry_kelly1930	yukibasketry_kelly1930/yukibasketry_kelly1930.pdf
zaglauer1995	zaglauer1995/zaglauer1995.pdf
zontacookbook1985	zontacookbook1985/zontacookbook1985.pdf
